Header Reference (BOM Reference),Stock Code,Description,Notes,Sequence Number,Quantity,Instruction,Unit of MEachsure,Scrap Percentage,Fixed Quantity,Use Only in BOM Module
DFD-0001,DXF-0000-00-DFD,Double Flood Door DXF Pack,,10,1,,Each,0,FALSE,FALSE
DFD-0001,PP-FIX-M10-0001,M10x100 Thunderbolt - BZP,,20,24,,Each,0,FALSE,FALSE
DFD-0001,PP-FIX-M6-0023,M6x10 CSK Bolt - A2,,30,8,,Each,0,FALSE,FALSE
DFD-0001,PP-DF-0015,LCN 4040XP Door Closer - Universal,,40,2,,Each,0,FALSE,FALSE
DFD-0001,PP-DF-0001-1,HD Bullet Hinge - Top,,50,6,,Each,0,FALSE,FALSE
DFD-0001,SEAL-0031,38x35mm Black Closed Cell A320 Neoprene/EPDM,,60,6.088,,Metres,0,FALSE,FALSE
DFD-0001,PP-SL216,S McGill 2-Point Lock,,70,1,,Each,0,FALSE,FALSE
DFD-0001,FD-0026-FP,Hinge Shroud C5 - 6 mm,,80,6,,Each,0,FALSE,FALSE
DFD-0001,PP-DF-0001-2,HD Bullet Hinge - Bottom,,90,6,,Each,0,FALSE,FALSE
DFD-0001,PP-DF-0001-3,HD Bullet Hinge - Washer 22(OD)mm x 2 mm,,100,6,,Each,0,FALSE,FALSE
DFD-0001,FG-0104-FP,Earthing Lug - 50 mm x 50 mm x 10 mm,,120,5,,Each,0,FALSE,FALSE
DFD-0001,FD-0008-MP,Spring Collar - 30(OD)/17x10,,130,1,,Each,0,FALSE,FALSE
DFD-0001,PP-DF-0010,Compression Spring - S/S - 2.03x150FLx16.5IDx19.5TC,,140,1,,Each,0,FALSE,FALSE
DFD-0001,PP-FIX-M8-0003,M8x50 CSK Bolt - A2,,150,2,,Each,0,FALSE,FALSE
DFD-0001,PP-FIX-M8-0002,M8x30 Button Head Bolt - A2,,160,8,,Each,0,FALSE,FALSE
DFD-0001,PP-FIX-M8-0006,M8 Washer - A2,,170,26,,Each,0,FALSE,FALSE
DFD-0001,PP-FIX-M6-0011,M6x16 CSK Bolt - A2,,180,12,,Each,0,FALSE,FALSE
DFD-0001,PP-FIX-M4-0001,M4x16 Button Head Bolt - A2,,190,1,,Each,0,FALSE,FALSE
DFD-0001,PP-DF-0063,Pull Handle - S/S - 14(OD) x 225mm,,200,2,,Each,0,FALSE,FALSE
DFD-0001,FD-0011-FP,Rose for Pull Handle - S/S - 14(OD) x 225mm,,210,4,,Each,0,FALSE,FALSE
DFD-0001,RAW-RHS-0002,RHS - 50x30x3mm - S235,,220,7.009,,Metres,0,FALSE,FALSE
DFD-0001,RAW-SHS-0001,SHS - 50x50x3mm - S235,,230,15.298,,Metres,0,FALSE,FALSE
DFD-0001,FD-0037-FP,Lock Fixing Plate Rear - 5mm,,240,1,,Each,0,FALSE,FALSE
DFD-0001,FD-0040-FP,Lock Fixing Plate Front - 5mm,,250,1,,Each,0,FALSE,FALSE
DFD-0001,FD-0015-FP,Security Door Clylinder Guard Tube,,260,1,,Each,0,FALSE,FALSE
DFD-0001,RAW-CHS-0002,CHS - 26.9(OD)x2mm - S235,,270,0.044,,Metres,0,FALSE,FALSE
DFD-0001,RAW-SFP-0001,P Frame - 3mm - S275 Zintec,,280,6.47,,Metres,0,FALSE,FALSE
DFD-0001,RAW-SFP-0002,P Frame Closer - 3mm - S275 Zintec,,290,6.031,,Metres,0,FALSE,FALSE
DFD-0001,FD-0005-FP,P Frame Cap - 3 mm,,300,2,,Each,0,FALSE,FALSE
DFD-0001,FD-0009-FP,P Frame Corner Closer - 3 mm,,310,2,,Each,0,FALSE,FALSE
DFD-0001,FD-0003-FP,Trip Plate - 4 mm,,320,2,,Each,0,FALSE,FALSE
DFD-0001,FD-0041-FP,Universal Door Closer Bracket Fire - 5 mm,,330,2,,Each,0,FALSE,FALSE
DFD-0001,PP-FIX-M6-0004,M6 Washer - A2,,340,44,,Each,0,FALSE,FALSE
DFD-0001,PP-FIX-M6-0001,M6x16 Button Head Bolt - A2,,350,44,,Each,0,FALSE,FALSE
DFD-0001,PP-FIX-M12-0004,M12 Hex Nut - A2,,360,2,,Each,0,FALSE,FALSE
DFD-0001,PP-FIX-M8-0001,M8x20 Button Head Bolt - A2,,370,18,,Each,0,FALSE,FALSE
DFD-0001,RAW-SHS-0003,SHS - 60x60x6mm - S355,,380,2.073,,Metres,0,FALSE,FALSE
DFD-0001,FD-0006-FP,Centre Post Cap - 47x47x5mm,,390,2,,Each,0,FALSE,FALSE
DFD-0001,FD-0007-FP,Centre Post Flange - 60x33x6mm,,400,2,,Each,0,FALSE,FALSE
DFD-0001,SEAL-0031,38x35mm Black Closed Cell A320 Neoprene/EPDM,,410,6.128,,Metres,0,FALSE,FALSE
DFD-0001,PP-DF-0052,Toggle Clamp - Good Hand GH-22502-B,,420,3,,Each,0,FALSE,FALSE
DFD-0001,RAW-RB-0001,RB - 18mm - SS304,,430,1.325,,Metres,0,FALSE,FALSE
DFD-0001,PP-DF-0011,Lock Pin & Chain - K0365.102306030/K1125.01X160,,440,3,,Each,0,FALSE,FALSE
DFD-0001,PP-DF-0037,Good Hand Chain - K1125.01X160,,450,3,,Each,0,FALSE,FALSE
DFDC5-0001,DXF-0000-00-DFDC5,Double Flood Door C5 DXF Pack,,10,1,,Each,0,FALSE,FALSE
DFDC5-0001,PP-FIX-M10-0001,M10x100 Thunderbolt - BZP,,20,24,,Each,0,FALSE,FALSE
DFDC5-0001,PP-FIX-M6-0023,M6x10 CSK Bolt - A2,,30,8,,Each,0,FALSE,FALSE
DFDC5-0001,PP-DF-0015,LCN 4040XP Door Closer - Universal,,40,2,,Each,0,FALSE,FALSE
DFDC5-0001,PP-DF-0001-1,HD Bullet Hinge - Top,,50,6,,Each,0,FALSE,FALSE
DFDC5-0001,SEAL-0031,38x35mm Black Closed Cell A320 Neoprene/EPDM,,60,6.088,,Metres,0,FALSE,FALSE
DFDC5-0001,PP-SL216,S McGill 2-Point Lock,,70,1,,Each,0,FALSE,FALSE
DFDC5-0001,FD-0026-FP,Hinge Shroud C5 - 6 mm,,80,6,,Each,0,FALSE,FALSE
DFDC5-0001,PP-DF-0001-2,HD Bullet Hinge - Bottom,,90,6,,Each,0,FALSE,FALSE
DFDC5-0001,PP-DF-0001-3,HD Bullet Hinge - Washer 22(OD)mm x 2 mm,,100,6,,Each,0,FALSE,FALSE
DFDC5-0001,PP-DF-0017,GSS3E80 Cylinder Guard - S.McGill - Europrofile,,110,1,,Each,0,FALSE,FALSE
DFDC5-0001,FG-0104-FP,Earthing Lug - 50 mm x 50 mm x 10 mm,,120,5,,Each,0,FALSE,FALSE
DFDC5-0001,FD-0008-MP,Spring Collar - 30(OD)/17x10,,130,1,,Each,0,FALSE,FALSE
DFDC5-0001,PP-DF-0010,Compression Spring - S/S - 2.03x150FLx16.5IDx19.5TC,,140,1,,Each,0,FALSE,FALSE
DFDC5-0001,PP-FIX-M8-0003,M8x50 CSK Bolt - A2,,150,2,,Each,0,FALSE,FALSE
DFDC5-0001,PP-FIX-M8-0002,M8x30 Button Head Bolt - A2,,160,8,,Each,0,FALSE,FALSE
DFDC5-0001,PP-FIX-M8-0006,M8 Washer - A2,,170,26,,Each,0,FALSE,FALSE
DFDC5-0001,PP-FIX-M6-0011,M6x16 CSK Bolt - A2,,180,12,,Each,0,FALSE,FALSE
DFDC5-0001,PP-FIX-M4-0001,M4x16 Button Head Bolt - A2,,190,1,,Each,0,FALSE,FALSE
DFDC5-0001,PP-DF-0063,Pull Handle - S/S - 14(OD) x 225mm,,200,2,,Each,0,FALSE,FALSE
DFDC5-0001,FD-0011-FP,Rose for Pull Handle - S/S - 14(OD) x 225mm,,210,4,,Each,0,FALSE,FALSE
DFDC5-0001,RAW-RHS-0002,RHS - 50x30x3mm - S235,,220,7.009,,Metres,0,FALSE,FALSE
DFDC5-0001,RAW-SHS-0001,SHS - 50x50x3mm - S235,,230,15.298,,Metres,0,FALSE,FALSE
DFDC5-0001,FD-0037-FP,Lock Fixing Plate Rear - 5mm,,240,1,,Each,0,FALSE,FALSE
DFDC5-0001,FD-0040-FP,Lock Fixing Plate Front - 5mm,,250,1,,Each,0,FALSE,FALSE
DFDC5-0001,FD-0015-FP,Security Door Clylinder Guard Tube,,260,1,,Each,0,FALSE,FALSE
DFDC5-0001,RAW-CHS-0002,CHS - 26.9(OD)x2mm - S235,,270,0.044,,Metres,0,FALSE,FALSE
DFDC5-0001,RAW-SFP-0001,P Frame - 3mm - S275 Zintec,,280,6.47,,Metres,0,FALSE,FALSE
DFDC5-0001,RAW-SFP-0002,P Frame Closer - 3mm - S275 Zintec,,290,6.031,,Metres,0,FALSE,FALSE
DFDC5-0001,FD-0005-FP,P Frame Cap - 3 mm,,300,2,,Each,0,FALSE,FALSE
DFDC5-0001,FD-0009-FP,P Frame Corner Closer - 3 mm,,310,2,,Each,0,FALSE,FALSE
DFDC5-0001,FD-0003-FP,Trip Plate - 4 mm,,320,2,,Each,0,FALSE,FALSE
DFDC5-0001,FD-0041-FP,Universal Door Closer Bracket Fire - 5 mm,,330,2,,Each,0,FALSE,FALSE
DFDC5-0001,PP-FIX-M6-0004,M6 Washer - A2,,340,44,,Each,0,FALSE,FALSE
DFDC5-0001,PP-FIX-M6-0001,M6x16 Button Head Bolt - A2,,350,44,,Each,0,FALSE,FALSE
DFDC5-0001,PP-FIX-M12-0004,M12 Hex Nut - A2,,360,2,,Each,0,FALSE,FALSE
DFDC5-0001,PP-FIX-M8-0001,M8x20 Button Head Bolt - A2,,370,18,,Each,0,FALSE,FALSE
DFDC5-0001,RAW-SHS-0003,SHS - 60x60x6mm - S355,,380,2.073,,Metres,0,FALSE,FALSE
DFDC5-0001,FD-0006-FP,Centre Post Cap - 47x47x5mm,,390,2,,Each,0,FALSE,FALSE
DFDC5-0001,FD-0007-FP,Centre Post Flange - 60x33x6mm,,400,2,,Each,0,FALSE,FALSE
DFDC5-0001,SEAL-0031,38x35mm Black Closed Cell A320 Neoprene/EPDM,,410,6.128,,Metres,0,FALSE,FALSE
DFDC5-0001,PP-DF-0052,Toggle Clamp - Good Hand GH-22502-B,,420,3,,Each,0,FALSE,FALSE
DFDC5-0001,RAW-RB-0001,RB - 18mm - SS304,,430,1.325,,Metres,0,FALSE,FALSE
DFDC5-0001,PP-DF-0011,Lock Pin & Chain - K0365.102306030/K1125.01X160,,440,3,,Each,0,FALSE,FALSE
DFDC5-0001,PP-DF-0037,Good Hand Chain - K1125.01X160,,450,3,,Each,0,FALSE,FALSE
DFDC5F-0001,DXF-0000-00-DFDC5,Double Flood Door C5 DXF Pack,,10,1,,Each,0,FALSE,FALSE
DFDC5F-0001,PP-FIX-M10-0001,M10x100 Thunderbolt - BZP,,20,24,,Each,0,FALSE,FALSE
DFDC5F-0001,PP-FIX-M6-0023,M6x10 CSK Bolt - A2,,30,8,,Each,0,FALSE,FALSE
DFDC5F-0001,PP-DF-0048,Dorma TS83 BC EN 3-6 Door Closer - Universal,,40,2,,Each,0,FALSE,FALSE
DFDC5F-0001,PP-DF-0001-1,HD Bullet Hinge - Top,,50,6,,Each,0,FALSE,FALSE
DFDC5F-0001,SEAL-0017,38x35mm Grey Closed-cell FR Neoprene/EPDM,,60,6.088,,Metres,0,FALSE,FALSE
DFDC5F-0001,PP-SL216,S McGill 2-Point Lock,,70,1,,Each,0,FALSE,FALSE
DFDC5F-0001,SEAL-0009,Intumescent Tape - 15mm x 2mm,,80,5.936,,Metres,0,FALSE,FALSE
DFDC5F-0001,FD-0026-FP,Hinge Shroud C5 - 6 mm,,90,6,,Each,0,FALSE,FALSE
DFDC5F-0001,PP-DF-0001-2,HD Bullet Hinge - Bottom,,100,6,,Each,0,FALSE,FALSE
DFDC5F-0001,PP-DF-0001-3,HD Bullet Hinge - Washer 22(OD)mm x 2 mm,,110,6,,Each,0,FALSE,FALSE
DFDC5F-0001,PP-DF-0017,GSS3E80 Cylinder Guard - S.McGill - Europrofile,,120,1,,Each,0,FALSE,FALSE
DFDC5F-0001,FG-0104-FP,Earthing Lug - 50 mm x 50 mm x 10 mm,,130,5,,Each,0,FALSE,FALSE
DFDC5F-0001,FD-0008-MP,Spring Collar - 30(OD)/17x10,,140,1,,Each,0,FALSE,FALSE
DFDC5F-0001,PP-DF-0010,Compression Spring - S/S - 2.03x150FLx16.5IDx19.5TC,,150,1,,Each,0,FALSE,FALSE
DFDC5F-0001,PP-FIX-M8-0003,M8x50 CSK Bolt - A2,,160,2,,Each,0,FALSE,FALSE
DFDC5F-0001,PP-FIX-M8-0002,M8x30 Button Head Bolt - A2,,170,8,,Each,0,FALSE,FALSE
DFDC5F-0001,PP-FIX-M8-0006,M8 Washer - A2,,180,26,,Each,0,FALSE,FALSE
DFDC5F-0001,PP-FIX-M6-0011,M6x16 CSK Bolt - A2,,190,12,,Each,0,FALSE,FALSE
DFDC5F-0001,PP-FIX-M4-0001,M4x16 Button Head Bolt - A2,,200,1,,Each,0,FALSE,FALSE
DFDC5F-0001,PP-DF-0063,Pull Handle - S/S - 14(OD) x 225mm,,210,2,,Each,0,FALSE,FALSE
DFDC5F-0001,FD-0011-FP,Rose for Pull Handle - S/S - 14(OD) x 225mm,,220,4,,Each,0,FALSE,FALSE
DFDC5F-0001,RAW-RHS-0002,RHS - 50x30x3mm - S235,,230,7.009,,Metres,0,FALSE,FALSE
DFDC5F-0001,RAW-SHS-0001,SHS - 50x50x3mm - S235,,240,15.298,,Metres,0,FALSE,FALSE
DFDC5F-0001,FD-0037-FP,Lock Fixing Plate Rear - 5mm,,250,1,,Each,0,FALSE,FALSE
DFDC5F-0001,FD-0040-FP,Lock Fixing Plate Front - 5mm,,260,1,,Each,0,FALSE,FALSE
DFDC5F-0001,FD-0015-FP,Security Door Clylinder Guard Tube,,270,1,,Each,0,FALSE,FALSE
DFDC5F-0001,RAW-CHS-0002,CHS - 26.9(OD)x2mm - S235,,280,0.044,,Metres,0,FALSE,FALSE
DFDC5F-0001,RAW-SFP-0001,P Frame - 3mm - S275 Zintec,,290,6.47,,Metres,0,FALSE,FALSE
DFDC5F-0001,RAW-SFP-0002,P Frame Closer - 3mm - S275 Zintec,,300,6.031,,Metres,0,FALSE,FALSE
DFDC5F-0001,FD-0005-FP,P Frame Cap - 3 mm,,310,2,,Each,0,FALSE,FALSE
DFDC5F-0001,FD-0009-FP,P Frame Corner Closer - 3 mm,,320,2,,Each,0,FALSE,FALSE
DFDC5F-0001,FD-0003-FP,Trip Plate - 4 mm,,330,2,,Each,0,FALSE,FALSE
DFDC5F-0001,FD-0041-FP,Universal Door Closer Bracket Fire - 5 mm,,340,2,,Each,0,FALSE,FALSE
DFDC5F-0001,PP-FIX-M6-0004,M6 Washer - A2,,350,44,,Each,0,FALSE,FALSE
DFDC5F-0001,PP-FIX-M6-0001,M6x16 Button Head Bolt - A2,,360,44,,Each,0,FALSE,FALSE
DFDC5F-0001,PP-FIX-M12-0004,M12 Hex Nut - A2,,370,2,,Each,0,FALSE,FALSE
DFDC5F-0001,PP-FIX-M8-0001,M8x20 Button Head Bolt - A2,,380,18,,Each,0,FALSE,FALSE
DFDC5F-0001,RAW-SHS-0003,SHS - 60x60x6mm - S355,,390,2.073,,Metres,0,FALSE,FALSE
DFDC5F-0001,FD-0006-FP,Centre Post Cap - 47x47x5mm,,400,2,,Each,0,FALSE,FALSE
DFDC5F-0001,FD-0007-FP,Centre Post Flange - 60x33x6mm,,410,2,,Each,0,FALSE,FALSE
DFDC5F-0001,SEAL-0031,38x35mm Black Closed Cell A320 Neoprene/EPDM,,420,6.128,,Metres,0,FALSE,FALSE
DFDC5F-0001,PP-DF-0052,Toggle Clamp - Good Hand GH-22502-B,,430,3,,Each,0,FALSE,FALSE
DFDC5F-0001,RAW-RB-0001,RB - 18mm - SS304,,440,1.325,,Metres,0,FALSE,FALSE
DFDC5F-0001,PP-DF-0011,Lock Pin & Chain - K0365.102306030/K1125.01X160,,450,3,,Each,0,FALSE,FALSE
DFDC5F-0001,PP-DF-0037,Good Hand Chain - K1125.01X160,,460,3,,Each,0,FALSE,FALSE
DFDDA-0001,DXF-0000-00-DFD,Double Flood Door DXF Pack,,10,1,,Each,0,FALSE,FALSE
DFDDA-0001,PP-FIX-M10-0001,M10x100 Thunderbolt - BZP,,20,24,,Each,0,FALSE,FALSE
DFDDA-0001,PP-FIX-M6-0023,M6x10 CSK Bolt - A2,,30,8,,Each,0,FALSE,FALSE
DFDDA-0001,PP-DF-0015,LCN 4040XP Door Closer - Universal,,40,2,,Each,0,FALSE,FALSE
DFDDA-0001,RAW-SFP-0001,P Frame - 3mm - S275 Zintec,,50,6.47,,Metres,0,FALSE,FALSE
DFDDA-0001,RAW-SFP-0002,P Frame Closer - 3mm - S275 Zintec,,60,6.031,,Metres,0,FALSE,FALSE
DFDDA-0001,FD-0005-FP,P Frame Cap - 3 mm,,70,2,,Each,0,FALSE,FALSE
DFDDA-0001,FD-0009-FP,P Frame Corner Closer - 3 mm,,80,2,,Each,0,FALSE,FALSE
DFDDA-0001,FD-0003-FP,Trip Plate - 4 mm,,90,2,,Each,0,FALSE,FALSE
DFDDA-0001,FD-0041-FP,Universal Door Closer Bracket Fire - 5 mm,,100,2,,Each,0,FALSE,FALSE
DFDDA-0001,PP-DF-0001-2,HD Bullet Hinge - Bottom,,110,8,,Each,0,FALSE,FALSE
DFDDA-0001,PP-DF-0001-3,HD Bullet Hinge - Washer 22(OD)mm x 2 mm,,120,8,,Each,0,FALSE,FALSE
DFDDA-0001,PP-FIX-M6-0011,M6x16 CSK Bolt - A2,,130,12,,Each,0,FALSE,FALSE
DFDDA-0001,PP-FIX-M6-0004,M6 Washer - A2,,140,44,,Each,0,FALSE,FALSE
DFDDA-0001,PP-FIX-M6-0001,M6x16 Button Head Bolt - A2,,150,44,,Each,0,FALSE,FALSE
DFDDA-0001,PP-FIX-M12-0004,M12 Hex Nut - A2,,160,2,,Each,0,FALSE,FALSE
DFDDA-0001,FG-0104-FP,Earthing Lug - 50 mm x 50 mm x 10 mm,,170,6,,Each,0,FALSE,FALSE
DFDDA-0001,PP-FIX-M8-0006,M8 Washer - A2,,180,26,,Each,0,FALSE,FALSE
DFDDA-0001,PP-FIX-M8-0001,M8x20 Button Head Bolt - A2,,190,18,,Each,0,FALSE,FALSE
DFDDA-0001,RAW-SHS-0003,SHS - 60x60x6mm - S355,,200,2.073,,Metres,0,FALSE,FALSE
DFDDA-0001,FD-0006-FP,Centre Post Cap - 47x47x5mm,,210,2,,Each,0,FALSE,FALSE
DFDDA-0001,FD-0007-FP,Centre Post Flange - 60x33x6mm,,220,2,,Each,0,FALSE,FALSE
DFDDA-0001,PP-DF-0001-1,HD Bullet Hinge - Top,,230,8,,Each,0,FALSE,FALSE
DFDDA-0001,SEAL-0031,38x35mm Black Closed Cell A320 Neoprene/EPDM,,240,6.088,,Metres,0,FALSE,FALSE
DFDDA-0001,PP-SL216,S McGill 2-Point Lock,,250,1,,Each,0,FALSE,FALSE
DFDDA-0001,FD-0026-FP,Hinge Shroud C5 - 6 mm,,260,8,,Each,0,FALSE,FALSE
DFDDA-0001,FD-0008-MP,Spring Collar - 30(OD)/17x10,,280,1,,Each,0,FALSE,FALSE
DFDDA-0001,PP-DF-0010,Compression Spring - S/S - 2.03x150FLx16.5IDx19.5TC,,290,1,,Each,0,FALSE,FALSE
DFDDA-0001,PP-FIX-M8-0003,M8x50 CSK Bolt - A2,,300,2,,Each,0,FALSE,FALSE
DFDDA-0001,PP-FIX-M8-0002,M8x30 Button Head Bolt - A2,,310,8,,Each,0,FALSE,FALSE
DFDDA-0001,PP-FIX-M4-0001,M4x16 Button Head Bolt - A2,,320,1,,Each,0,FALSE,FALSE
DFDDA-0001,PP-DF-0063,Pull Handle - S/S - 14(OD) x 225mm,,330,2,,Each,0,FALSE,FALSE
DFDDA-0001,FD-0011-FP,Rose for Pull Handle - S/S - 14(OD) x 225mm,,340,4,,Each,0,FALSE,FALSE
DFDDA-0001,RAW-RHS-0002,RHS - 50x30x3mm - S235,,350,12.287,,Metres,0,FALSE,FALSE
DFDDA-0001,RAW-SHS-0001,SHS - 50x50x3mm - S235,,360,15.289,,Metres,0,FALSE,FALSE
DFDDA-0001,FD-0037-FP,Lock Fixing Plate Rear - 5mm,,370,1,,Each,0,FALSE,FALSE
DFDDA-0001,FD-0040-FP,Lock Fixing Plate Front - 5mm,,380,1,,Each,0,FALSE,FALSE
DFDDA-0001,FD-0015-FP,Security Door Clylinder Guard Tube,,390,1,,Each,0,FALSE,FALSE
DFDDA-0001,RAW-CHS-0002,CHS - 26.9(OD)x2mm - S235,,400,0.044,,Metres,0,FALSE,FALSE
DFDDA-0001,FD-0027-MP,Dog Bolt,,410,2,,Each,0,FALSE,FALSE
DFDDA-0001,PP-DF-0012,Arrone Mortice Lock - AR8100,,420,1,,Each,0,FALSE,FALSE
DFDDA-0001,FD-0038-FP,Hatch Lock Plate Front - 6mm,,440,1,,Each,0,FALSE,FALSE
DFDDA-0001,FD-0039-FP,Hatch Lock Plate Rear - 6mm,,450,1,,Each,0,FALSE,FALSE
DFDDA-0001,SEAL-0031,38x35mm Black Closed Cell A320 Neoprene/EPDM,,460,6.128,,Metres,0,FALSE,FALSE
DFDDA-0001,PP-DF-0052,Toggle Clamp - Good Hand GH-22502-B,,470,3,,Each,0,FALSE,FALSE
DFDDA-0001,RAW-RB-0001,RB - 18mm - SS304,,480,1.325,,Metres,0,FALSE,FALSE
DFDDA-0001,PP-DF-0011,Lock Pin & Chain - K0365.102306030/K1125.01X160,,490,3,,Each,0,FALSE,FALSE
DFDDA-0001,PP-DF-0037,Good Hand Chain - K1125.01X160,,500,3,,Each,0,FALSE,FALSE
DFDDAC5-0001,DXF-0000-00-DFDC5,Double Flood Door C5 DXF Pack,,10,1,,Each,0,FALSE,FALSE
DFDDAC5-0001,PP-FIX-M10-0001,M10x100 Thunderbolt - BZP,,20,24,,Each,0,FALSE,FALSE
DFDDAC5-0001,PP-FIX-M6-0023,M6x10 CSK Bolt - A2,,30,8,,Each,0,FALSE,FALSE
DFDDAC5-0001,PP-DF-0015,LCN 4040XP Door Closer - Universal,,40,2,,Each,0,FALSE,FALSE
DFDDAC5-0001,RAW-SFP-0001,P Frame - 3mm - S275 Zintec,,50,6.47,,Metres,0,FALSE,FALSE
DFDDAC5-0001,RAW-SFP-0002,P Frame Closer - 3mm - S275 Zintec,,60,6.031,,Metres,0,FALSE,FALSE
DFDDAC5-0001,FD-0005-FP,P Frame Cap - 3 mm,,70,2,,Each,0,FALSE,FALSE
DFDDAC5-0001,FD-0009-FP,P Frame Corner Closer - 3 mm,,80,2,,Each,0,FALSE,FALSE
DFDDAC5-0001,FD-0003-FP,Trip Plate - 4 mm,,90,2,,Each,0,FALSE,FALSE
DFDDAC5-0001,FD-0041-FP,Universal Door Closer Bracket Fire - 5 mm,,100,2,,Each,0,FALSE,FALSE
DFDDAC5-0001,PP-DF-0001-2,HD Bullet Hinge - Bottom,,110,8,,Each,0,FALSE,FALSE
DFDDAC5-0001,PP-DF-0001-3,HD Bullet Hinge - Washer 22(OD)mm x 2 mm,,120,8,,Each,0,FALSE,FALSE
DFDDAC5-0001,PP-FIX-M6-0011,M6x16 CSK Bolt - A2,,130,12,,Each,0,FALSE,FALSE
DFDDAC5-0001,PP-FIX-M6-0004,M6 Washer - A2,,140,44,,Each,0,FALSE,FALSE
DFDDAC5-0001,PP-FIX-M6-0001,M6x16 Button Head Bolt - A2,,150,44,,Each,0,FALSE,FALSE
DFDDAC5-0001,PP-FIX-M12-0004,M12 Hex Nut - A2,,160,2,,Each,0,FALSE,FALSE
DFDDAC5-0001,FG-0104-FP,Earthing Lug - 50 mm x 50 mm x 10 mm,,170,6,,Each,0,FALSE,FALSE
DFDDAC5-0001,PP-FIX-M8-0006,M8 Washer - A2,,180,26,,Each,0,FALSE,FALSE
DFDDAC5-0001,PP-FIX-M8-0001,M8x20 Button Head Bolt - A2,,190,18,,Each,0,FALSE,FALSE
DFDDAC5-0001,RAW-SHS-0003,SHS - 60x60x6mm - S355,,200,2.073,,Metres,0,FALSE,FALSE
DFDDAC5-0001,FD-0006-FP,Centre Post Cap - 47x47x5mm,,210,2,,Each,0,FALSE,FALSE
DFDDAC5-0001,FD-0007-FP,Centre Post Flange - 60x33x6mm,,220,2,,Each,0,FALSE,FALSE
DFDDAC5-0001,PP-DF-0001-1,HD Bullet Hinge - Top,,230,8,,Each,0,FALSE,FALSE
DFDDAC5-0001,SEAL-0031,38x35mm Black Closed Cell A320 Neoprene/EPDM,,240,6.088,,Metres,0,FALSE,FALSE
DFDDAC5-0001,PP-SL216,S McGill 2-Point Lock,,250,1,,Each,0,FALSE,FALSE
DFDDAC5-0001,FD-0026-FP,Hinge Shroud C5 - 6 mm,,260,8,,Each,0,FALSE,FALSE
DFDDAC5-0001,PP-DF-0017,GSS3E80 Cylinder Guard - S.McGill - Europrofile,,270,1,,Each,0,FALSE,FALSE
DFDDAC5-0001,FD-0008-MP,Spring Collar - 30(OD)/17x10,,280,1,,Each,0,FALSE,FALSE
DFDDAC5-0001,PP-DF-0010,Compression Spring - S/S - 2.03x150FLx16.5IDx19.5TC,,290,1,,Each,0,FALSE,FALSE
DFDDAC5-0001,PP-FIX-M8-0003,M8x50 CSK Bolt - A2,,300,2,,Each,0,FALSE,FALSE
DFDDAC5-0001,PP-FIX-M8-0002,M8x30 Button Head Bolt - A2,,310,8,,Each,0,FALSE,FALSE
DFDDAC5-0001,PP-FIX-M4-0001,M4x16 Button Head Bolt - A2,,320,1,,Each,0,FALSE,FALSE
DFDDAC5-0001,PP-DF-0063,Pull Handle - S/S - 14(OD) x 225mm,,330,2,,Each,0,FALSE,FALSE
DFDDAC5-0001,FD-0011-FP,Rose for Pull Handle - S/S - 14(OD) x 225mm,,340,4,,Each,0,FALSE,FALSE
DFDDAC5-0001,RAW-RHS-0002,RHS - 50x30x3mm - S235,,350,12.287,,Metres,0,FALSE,FALSE
DFDDAC5-0001,RAW-SHS-0001,SHS - 50x50x3mm - S235,,360,15.289,,Metres,0,FALSE,FALSE
DFDDAC5-0001,FD-0037-FP,Lock Fixing Plate Rear - 5mm,,370,1,,Each,0,FALSE,FALSE
DFDDAC5-0001,FD-0040-FP,Lock Fixing Plate Front - 5mm,,380,1,,Each,0,FALSE,FALSE
DFDDAC5-0001,FD-0015-FP,Security Door Clylinder Guard Tube,,390,1,,Each,0,FALSE,FALSE
DFDDAC5-0001,RAW-CHS-0002,CHS - 26.9(OD)x2mm - S235,,400,0.044,,Metres,0,FALSE,FALSE
DFDDAC5-0001,FD-0027-MP,Dog Bolt,,410,2,,Each,0,FALSE,FALSE
DFDDAC5-0001,PP-TY113,Tyne Mortice Lock - S.McGill,,420,1,,Each,0,FALSE,FALSE
DFDDAC5-0001,PP-DF-0033,GMS3E60 Cylinder Guard - S.McGill,,430,1,,Each,0,FALSE,FALSE
DFDDAC5-0001,FD-0038-FP,Hatch Lock Plate Front - 6mm,,440,1,,Each,0,FALSE,FALSE
DFDDAC5-0001,FD-0039-FP,Hatch Lock Plate Rear - 6mm,,450,1,,Each,0,FALSE,FALSE
DFDDAC5-0001,SEAL-0031,38x35mm Black Closed Cell A320 Neoprene/EPDM,,460,6.128,,Metres,0,FALSE,FALSE
DFDDAC5-0001,PP-DF-0052,Toggle Clamp - Good Hand GH-22502-B,,470,3,,Each,0,FALSE,FALSE
DFDDAC5-0001,RAW-RB-0001,RB - 18mm - SS304,,480,1.325,,Metres,0,FALSE,FALSE
DFDDAC5-0001,PP-DF-0011,Lock Pin & Chain - K0365.102306030/K1125.01X160,,490,3,,Each,0,FALSE,FALSE
DFDDAC5-0001,PP-DF-0037,Good Hand Chain - K1125.01X160,,500,3,,Each,0,FALSE,FALSE
DFDDAC5F-0001,DXF-0000-00-DFDC5,Double Flood Door C5 DXF Pack,,10,1,,Each,0,FALSE,FALSE
DFDDAC5F-0001,PP-FIX-M10-0001,M10x100 Thunderbolt - BZP,,20,24,,Each,0,FALSE,FALSE
DFDDAC5F-0001,PP-FIX-M6-0023,M6x10 CSK Bolt - A2,,30,8,,Each,0,FALSE,FALSE
DFDDAC5F-0001,PP-DF-0048,Dorma TS83 BC EN 3-6 Door Closer - Universal,,40,2,,Each,0,FALSE,FALSE
DFDDAC5F-0001,RAW-SFP-0001,P Frame - 3mm - S275 Zintec,,50,6.47,,Metres,0,FALSE,FALSE
DFDDAC5F-0001,RAW-SFP-0002,P Frame Closer - 3mm - S275 Zintec,,60,6.031,,Metres,0,FALSE,FALSE
DFDDAC5F-0001,FD-0005-FP,P Frame Cap - 3 mm,,70,2,,Each,0,FALSE,FALSE
DFDDAC5F-0001,FD-0009-FP,P Frame Corner Closer - 3 mm,,80,2,,Each,0,FALSE,FALSE
DFDDAC5F-0001,FD-0003-FP,Trip Plate - 4 mm,,90,2,,Each,0,FALSE,FALSE
DFDDAC5F-0001,FD-0041-FP,Universal Door Closer Bracket Fire - 5 mm,,100,2,,Each,0,FALSE,FALSE
DFDDAC5F-0001,PP-DF-0001-2,HD Bullet Hinge - Bottom,,110,8,,Each,0,FALSE,FALSE
DFDDAC5F-0001,PP-DF-0001-3,HD Bullet Hinge - Washer 22(OD)mm x 2 mm,,120,8,,Each,0,FALSE,FALSE
DFDDAC5F-0001,PP-FIX-M6-0011,M6x16 CSK Bolt - A2,,130,12,,Each,0,FALSE,FALSE
DFDDAC5F-0001,PP-FIX-M6-0004,M6 Washer - A2,,140,44,,Each,0,FALSE,FALSE
DFDDAC5F-0001,PP-FIX-M6-0001,M6x16 Button Head Bolt - A2,,150,44,,Each,0,FALSE,FALSE
DFDDAC5F-0001,PP-FIX-M12-0004,M12 Hex Nut - A2,,160,2,,Each,0,FALSE,FALSE
DFDDAC5F-0001,FG-0104-FP,Earthing Lug - 50 mm x 50 mm x 10 mm,,170,6,,Each,0,FALSE,FALSE
DFDDAC5F-0001,PP-FIX-M8-0006,M8 Washer - A2,,180,26,,Each,0,FALSE,FALSE
DFDDAC5F-0001,PP-FIX-M8-0001,M8x20 Button Head Bolt - A2,,190,18,,Each,0,FALSE,FALSE
DFDDAC5F-0001,RAW-SHS-0003,SHS - 60x60x6mm - S355,,200,2.073,,Metres,0,FALSE,FALSE
DFDDAC5F-0001,FD-0006-FP,Centre Post Cap - 47x47x5mm,,210,2,,Each,0,FALSE,FALSE
DFDDAC5F-0001,FD-0007-FP,Centre Post Flange - 60x33x6mm,,220,2,,Each,0,FALSE,FALSE
DFDDAC5F-0001,PP-DF-0001-1,HD Bullet Hinge - Top,,230,8,,Each,0,FALSE,FALSE
DFDDAC5F-0001,SEAL-0017,38x35mm Grey Closed-cell FR Neoprene/EPDM,,240,6.088,,Metres,0,FALSE,FALSE
DFDDAC5F-0001,PP-SL216,S McGill 2-Point Lock,,250,1,,Each,0,FALSE,FALSE
DFDDAC5F-0001,SEAL-0009,Intumescent Tape - 15mm x 2mm,,260,9.114,,Metres,0,FALSE,FALSE
DFDDAC5F-0001,FD-0026-FP,Hinge Shroud C5 - 6 mm,,270,8,,Each,0,FALSE,FALSE
DFDDAC5F-0001,PP-DF-0017,GSS3E80 Cylinder Guard - S.McGill - Europrofile,,280,1,,Each,0,FALSE,FALSE
DFDDAC5F-0001,FD-0008-MP,Spring Collar - 30(OD)/17x10,,290,1,,Each,0,FALSE,FALSE
DFDDAC5F-0001,PP-DF-0010,Compression Spring - S/S - 2.03x150FLx16.5IDx19.5TC,,300,1,,Each,0,FALSE,FALSE
DFDDAC5F-0001,PP-FIX-M8-0003,M8x50 CSK Bolt - A2,,310,2,,Each,0,FALSE,FALSE
DFDDAC5F-0001,PP-FIX-M8-0002,M8x30 Button Head Bolt - A2,,320,8,,Each,0,FALSE,FALSE
DFDDAC5F-0001,PP-FIX-M4-0001,M4x16 Button Head Bolt - A2,,330,1,,Each,0,FALSE,FALSE
DFDDAC5F-0001,PP-DF-0063,Pull Handle - S/S - 14(OD) x 225mm,,340,2,,Each,0,FALSE,FALSE
DFDDAC5F-0001,FD-0011-FP,Rose for Pull Handle - S/S - 14(OD) x 225mm,,350,4,,Each,0,FALSE,FALSE
DFDDAC5F-0001,RAW-RHS-0002,RHS - 50x30x3mm - S235,,360,12.287,,Metres,0,FALSE,FALSE
DFDDAC5F-0001,RAW-SHS-0001,SHS - 50x50x3mm - S235,,370,15.289,,Metres,0,FALSE,FALSE
DFDDAC5F-0001,FD-0037-FP,Lock Fixing Plate Rear - 5mm,,380,1,,Each,0,FALSE,FALSE
DFDDAC5F-0001,FD-0040-FP,Lock Fixing Plate Front - 5mm,,390,1,,Each,0,FALSE,FALSE
DFDDAC5F-0001,FD-0015-FP,Security Door Clylinder Guard Tube,,400,1,,Each,0,FALSE,FALSE
DFDDAC5F-0001,RAW-CHS-0002,CHS - 26.9(OD)x2mm - S235,,410,0.044,,Metres,0,FALSE,FALSE
DFDDAC5F-0001,FD-0027-MP,Dog Bolt,,420,2,,Each,0,FALSE,FALSE
DFDDAC5F-0001,PP-TY113,Tyne Mortice Lock - S.McGill,,430,1,,Each,0,FALSE,FALSE
DFDDAC5F-0001,PP-DF-0033,GMS3E60 Cylinder Guard - S.McGill,,440,1,,Each,0,FALSE,FALSE
DFDDAC5F-0001,FD-0038-FP,Hatch Lock Plate Front - 6mm,,450,1,,Each,0,FALSE,FALSE
DFDDAC5F-0001,FD-0039-FP,Hatch Lock Plate Rear - 6mm,,460,1,,Each,0,FALSE,FALSE
DFDDAC5F-0001,SEAL-0031,38x35mm Black Closed Cell A320 Neoprene/EPDM,,470,6.128,,Metres,0,FALSE,FALSE
DFDDAC5F-0001,PP-DF-0052,Toggle Clamp - Good Hand GH-22502-B,,480,3,,Each,0,FALSE,FALSE
DFDDAC5F-0001,RAW-RB-0001,RB - 18mm - SS304,,490,1.325,,Metres,0,FALSE,FALSE
DFDDAC5F-0001,PP-DF-0011,Lock Pin & Chain - K0365.102306030/K1125.01X160,,500,3,,Each,0,FALSE,FALSE
DFDDAC5F-0001,PP-DF-0037,Good Hand Chain - K1125.01X160,,510,3,,Each,0,FALSE,FALSE
DFDDAF-0001,DXF-0000-00-DFD,Double Flood Door DXF Pack,,10,1,,Each,0,FALSE,FALSE
DFDDAF-0001,PP-FIX-M10-0001,M10x100 Thunderbolt - BZP,,20,24,,Each,0,FALSE,FALSE
DFDDAF-0001,PP-FIX-M6-0023,M6x10 CSK Bolt - A2,,30,8,,Each,0,FALSE,FALSE
DFDDAF-0001,PP-DF-0048,Dorma TS83 BC EN 3-6 Door Closer - Universal,,40,2,,Each,0,FALSE,FALSE
DFDDAF-0001,RAW-SFP-0001,P Frame - 3mm - S275 Zintec,,50,6.47,,Metres,0,FALSE,FALSE
DFDDAF-0001,RAW-SFP-0002,P Frame Closer - 3mm - S275 Zintec,,60,6.031,,Metres,0,FALSE,FALSE
DFDDAF-0001,FD-0005-FP,P Frame Cap - 3 mm,,70,2,,Each,0,FALSE,FALSE
DFDDAF-0001,FD-0009-FP,P Frame Corner Closer - 3 mm,,80,2,,Each,0,FALSE,FALSE
DFDDAF-0001,FD-0003-FP,Trip Plate - 4 mm,,90,2,,Each,0,FALSE,FALSE
DFDDAF-0001,FD-0041-FP,Universal Door Closer Bracket Fire - 5 mm,,100,2,,Each,0,FALSE,FALSE
DFDDAF-0001,PP-DF-0001-2,HD Bullet Hinge - Bottom,,110,8,,Each,0,FALSE,FALSE
DFDDAF-0001,PP-DF-0001-3,HD Bullet Hinge - Washer 22(OD)mm x 2 mm,,120,8,,Each,0,FALSE,FALSE
DFDDAF-0001,PP-FIX-M6-0011,M6x16 CSK Bolt - A2,,130,12,,Each,0,FALSE,FALSE
DFDDAF-0001,PP-FIX-M6-0004,M6 Washer - A2,,140,44,,Each,0,FALSE,FALSE
DFDDAF-0001,PP-FIX-M6-0001,M6x16 Button Head Bolt - A2,,150,44,,Each,0,FALSE,FALSE
DFDDAF-0001,PP-FIX-M12-0004,M12 Hex Nut - A2,,160,2,,Each,0,FALSE,FALSE
DFDDAF-0001,FG-0104-FP,Earthing Lug - 50 mm x 50 mm x 10 mm,,170,6,,Each,0,FALSE,FALSE
DFDDAF-0001,PP-FIX-M8-0006,M8 Washer - A2,,180,26,,Each,0,FALSE,FALSE
DFDDAF-0001,PP-FIX-M8-0001,M8x20 Button Head Bolt - A2,,190,18,,Each,0,FALSE,FALSE
DFDDAF-0001,RAW-SHS-0003,SHS - 60x60x6mm - S355,,200,2.073,,Metres,0,FALSE,FALSE
DFDDAF-0001,FD-0006-FP,Centre Post Cap - 47x47x5mm,,210,2,,Each,0,FALSE,FALSE
DFDDAF-0001,FD-0007-FP,Centre Post Flange - 60x33x6mm,,220,2,,Each,0,FALSE,FALSE
DFDDAF-0001,PP-DF-0001-1,HD Bullet Hinge - Top,,230,8,,Each,0,FALSE,FALSE
DFDDAF-0001,SEAL-0017,38x35mm Grey Closed-cell FR Neoprene/EPDM,,240,6.088,,Metres,0,FALSE,FALSE
DFDDAF-0001,PP-SL216,S McGill 2-Point Lock,,250,1,,Each,0,FALSE,FALSE
DFDDAF-0001,SEAL-0009,Intumescent Tape - 15mm x 2mm,,260,9.114,,Metres,0,FALSE,FALSE
DFDDAF-0001,FD-0026-FP,Hinge Shroud C5 - 6 mm,,270,8,,Each,0,FALSE,FALSE
DFDDAF-0001,FD-0008-MP,Spring Collar - 30(OD)/17x10,,290,1,,Each,0,FALSE,FALSE
DFDDAF-0001,PP-DF-0010,Compression Spring - S/S - 2.03x150FLx16.5IDx19.5TC,,300,1,,Each,0,FALSE,FALSE
DFDDAF-0001,PP-FIX-M8-0003,M8x50 CSK Bolt - A2,,310,2,,Each,0,FALSE,FALSE
DFDDAF-0001,PP-FIX-M8-0002,M8x30 Button Head Bolt - A2,,320,8,,Each,0,FALSE,FALSE
DFDDAF-0001,PP-FIX-M4-0001,M4x16 Button Head Bolt - A2,,330,1,,Each,0,FALSE,FALSE
DFDDAF-0001,PP-DF-0063,Pull Handle - S/S - 14(OD) x 225mm,,340,2,,Each,0,FALSE,FALSE
DFDDAF-0001,FD-0011-FP,Rose for Pull Handle - S/S - 14(OD) x 225mm,,350,4,,Each,0,FALSE,FALSE
DFDDAF-0001,RAW-RHS-0002,RHS - 50x30x3mm - S235,,360,12.287,,Metres,0,FALSE,FALSE
DFDDAF-0001,RAW-SHS-0001,SHS - 50x50x3mm - S235,,370,15.289,,Metres,0,FALSE,FALSE
DFDDAF-0001,FD-0037-FP,Lock Fixing Plate Rear - 5mm,,380,1,,Each,0,FALSE,FALSE
DFDDAF-0001,FD-0040-FP,Lock Fixing Plate Front - 5mm,,390,1,,Each,0,FALSE,FALSE
DFDDAF-0001,FD-0015-FP,Security Door Clylinder Guard Tube,,400,1,,Each,0,FALSE,FALSE
DFDDAF-0001,RAW-CHS-0002,CHS - 26.9(OD)x2mm - S235,,410,0.044,,Metres,0,FALSE,FALSE
DFDDAF-0001,FD-0027-MP,Dog Bolt,,420,2,,Each,0,FALSE,FALSE
DFDDAF-0001,PP-DF-0012,Arrone Mortice Lock - AR8100,,430,1,,Each,0,FALSE,FALSE
DFDDAF-0001,FD-0038-FP,Hatch Lock Plate Front - 6mm,,450,1,,Each,0,FALSE,FALSE
DFDDAF-0001,FD-0039-FP,Hatch Lock Plate Rear - 6mm,,460,1,,Each,0,FALSE,FALSE
DFDDAF-0001,SEAL-0031,38x35mm Black Closed Cell A320 Neoprene/EPDM,,470,6.128,,Metres,0,FALSE,FALSE
DFDDAF-0001,PP-DF-0052,Toggle Clamp - Good Hand GH-22502-B,,480,3,,Each,0,FALSE,FALSE
DFDDAF-0001,RAW-RB-0001,RB - 18mm - SS304,,490,1.325,,Metres,0,FALSE,FALSE
DFDDAF-0001,PP-DF-0011,Lock Pin & Chain - K0365.102306030/K1125.01X160,,500,3,,Each,0,FALSE,FALSE
DFDDAF-0001,PP-DF-0037,Good Hand Chain - K1125.01X160,,510,3,,Each,0,FALSE,FALSE
DFDDAS-0001,DXF-0000-00-DFDC5,Double Flood Door C5 DXF Pack,,10,1,,Each,0,FALSE,FALSE
DFDDAS-0001,PP-FIX-M10-0001,M10x100 Thunderbolt - BZP,,20,24,,Each,0,FALSE,FALSE
DFDDAS-0001,PP-FIX-M6-0023,M6x10 CSK Bolt - A2,,30,8,,Each,0,FALSE,FALSE
DFDDAS-0001,PP-DF-0015,LCN 4040XP Door Closer - Universal,,40,2,,Each,0,FALSE,FALSE
DFDDAS-0001,RAW-SFP-0001,P Frame - 3mm - S275 Zintec,,50,6.47,,Metres,0,FALSE,FALSE
DFDDAS-0001,RAW-SFP-0002,P Frame Closer - 3mm - S275 Zintec,,60,6.031,,Metres,0,FALSE,FALSE
DFDDAS-0001,FD-0005-FP,P Frame Cap - 3 mm,,70,2,,Each,0,FALSE,FALSE
DFDDAS-0001,FD-0009-FP,P Frame Corner Closer - 3 mm,,80,2,,Each,0,FALSE,FALSE
DFDDAS-0001,FD-0003-FP,Trip Plate - 4 mm,,90,2,,Each,0,FALSE,FALSE
DFDDAS-0001,FD-0041-FP,Universal Door Closer Bracket Fire - 5 mm,,100,2,,Each,0,FALSE,FALSE
DFDDAS-0001,PP-DF-0001-2,HD Bullet Hinge - Bottom,,110,8,,Each,0,FALSE,FALSE
DFDDAS-0001,PP-DF-0001-3,HD Bullet Hinge - Washer 22(OD)mm x 2 mm,,120,8,,Each,0,FALSE,FALSE
DFDDAS-0001,PP-FIX-M6-0011,M6x16 CSK Bolt - A2,,130,12,,Each,0,FALSE,FALSE
DFDDAS-0001,PP-FIX-M6-0004,M6 Washer - A2,,140,44,,Each,0,FALSE,FALSE
DFDDAS-0001,PP-FIX-M6-0001,M6x16 Button Head Bolt - A2,,150,44,,Each,0,FALSE,FALSE
DFDDAS-0001,PP-FIX-M12-0004,M12 Hex Nut - A2,,160,2,,Each,0,FALSE,FALSE
DFDDAS-0001,FG-0104-FP,Earthing Lug - 50 mm x 50 mm x 10 mm,,170,6,,Each,0,FALSE,FALSE
DFDDAS-0001,PP-FIX-M8-0006,M8 Washer - A2,,180,26,,Each,0,FALSE,FALSE
DFDDAS-0001,PP-FIX-M8-0001,M8x20 Button Head Bolt - A2,,190,18,,Each,0,FALSE,FALSE
DFDDAS-0001,RAW-SHS-0003,SHS - 60x60x6mm - S355,,200,2.073,,Metres,0,FALSE,FALSE
DFDDAS-0001,FD-0006-FP,Centre Post Cap - 47x47x5mm,,210,2,,Each,0,FALSE,FALSE
DFDDAS-0001,FD-0007-FP,Centre Post Flange - 60x33x6mm,,220,2,,Each,0,FALSE,FALSE
DFDDAS-0001,PP-DF-0001-1,HD Bullet Hinge - Top,,230,8,,Each,0,FALSE,FALSE
DFDDAS-0001,SEAL-0031,38x35mm Black Closed Cell A320 Neoprene/EPDM,,240,6.088,,Metres,0,FALSE,FALSE
DFDDAS-0001,PP-SL216,S McGill 2-Point Lock,,250,1,,Each,0,FALSE,FALSE
DFDDAS-0001,FD-0026-FP,Hinge Shroud C5 - 6 mm,,260,8,,Each,0,FALSE,FALSE
DFDDAS-0001,PP-DF-0017,GSS3E80 Cylinder Guard - S.McGill - Europrofile,,270,1,,Each,0,FALSE,FALSE
DFDDAS-0001,FD-0008-MP,Spring Collar - 30(OD)/17x10,,280,1,,Each,0,FALSE,FALSE
DFDDAS-0001,PP-DF-0010,Compression Spring - S/S - 2.03x150FLx16.5IDx19.5TC,,290,1,,Each,0,FALSE,FALSE
DFDDAS-0001,PP-FIX-M8-0003,M8x50 CSK Bolt - A2,,300,2,,Each,0,FALSE,FALSE
DFDDAS-0001,PP-FIX-M8-0002,M8x30 Button Head Bolt - A2,,310,8,,Each,0,FALSE,FALSE
DFDDAS-0001,PP-FIX-M4-0001,M4x16 Button Head Bolt - A2,,320,1,,Each,0,FALSE,FALSE
DFDDAS-0001,PP-DF-0063,Pull Handle - S/S - 14(OD) x 225mm,,330,2,,Each,0,FALSE,FALSE
DFDDAS-0001,FD-0011-FP,Rose for Pull Handle - S/S - 14(OD) x 225mm,,340,4,,Each,0,FALSE,FALSE
DFDDAS-0001,RAW-RHS-0002,RHS - 50x30x3mm - S235,,350,12.287,,Metres,0,FALSE,FALSE
DFDDAS-0001,RAW-SHS-0001,SHS - 50x50x3mm - S235,,360,15.289,,Metres,0,FALSE,FALSE
DFDDAS-0001,FD-0037-FP,Lock Fixing Plate Rear - 5mm,,370,1,,Each,0,FALSE,FALSE
DFDDAS-0001,FD-0040-FP,Lock Fixing Plate Front - 5mm,,380,1,,Each,0,FALSE,FALSE
DFDDAS-0001,FD-0015-FP,Security Door Clylinder Guard Tube,,390,1,,Each,0,FALSE,FALSE
DFDDAS-0001,RAW-CHS-0002,CHS - 26.9(OD)x2mm - S235,,400,0.044,,Metres,0,FALSE,FALSE
DFDDAS-0001,FD-0027-MP,Dog Bolt,,410,2,,Each,0,FALSE,FALSE
DFDDAS-0001,PP-TY113,Tyne Mortice Lock - S.McGill,,420,1,,Each,0,FALSE,FALSE
DFDDAS-0001,PP-DF-0033,GMS3E60 Cylinder Guard - S.McGill,,430,1,,Each,0,FALSE,FALSE
DFDDAS-0001,FD-0038-FP,Hatch Lock Plate Front - 6mm,,440,1,,Each,0,FALSE,FALSE
DFDDAS-0001,FD-0039-FP,Hatch Lock Plate Rear - 6mm,,450,1,,Each,0,FALSE,FALSE
DFDDAS-0001,SEAL-0031,38x35mm Black Closed Cell A320 Neoprene/EPDM,,460,6.128,,Metres,0,FALSE,FALSE
DFDDAS-0001,PP-DF-0052,Toggle Clamp - Good Hand GH-22502-B,,470,3,,Each,0,FALSE,FALSE
DFDDAS-0001,RAW-RB-0001,RB - 18mm - SS304,,480,1.325,,Metres,0,FALSE,FALSE
DFDDAS-0001,PP-DF-0011,Lock Pin & Chain - K0365.102306030/K1125.01X160,,490,3,,Each,0,FALSE,FALSE
DFDDAS-0001,PP-DF-0037,Good Hand Chain - K1125.01X160,,500,3,,Each,0,FALSE,FALSE
DFDF-0001,DXF-0000-00-DFD,Double Flood Door DXF Pack,,10,1,,Each,0,FALSE,FALSE
DFDF-0001,PP-FIX-M10-0001,M10x100 Thunderbolt - BZP,,20,24,,Each,0,FALSE,FALSE
DFDF-0001,PP-FIX-M6-0023,M6x10 CSK Bolt - A2,,30,8,,Each,0,FALSE,FALSE
DFDF-0001,PP-DF-0048,Dorma TS83 BC EN 3-6 Door Closer - Universal,,40,2,,Each,0,FALSE,FALSE
DFDF-0001,PP-DF-0001-1,HD Bullet Hinge - Top,,50,6,,Each,0,FALSE,FALSE
DFDF-0001,SEAL-0017,38x35mm Grey Closed-cell FR Neoprene/EPDM,,60,6.088,,Metres,0,FALSE,FALSE
DFDF-0001,PP-SL216,S McGill 2-Point Lock,,70,1,,Each,0,FALSE,FALSE
DFDF-0001,SEAL-0009,Intumescent Tape - 15mm x 2mm,,80,5.936,,Metres,0,FALSE,FALSE
DFDF-0001,FD-0026-FP,Hinge Shroud C5 - 6 mm,,90,6,,Each,0,FALSE,FALSE
DFDF-0001,PP-DF-0001-2,HD Bullet Hinge - Bottom,,100,6,,Each,0,FALSE,FALSE
DFDF-0001,PP-DF-0001-3,HD Bullet Hinge - Washer 22(OD)mm x 2 mm,,110,6,,Each,0,FALSE,FALSE
DFDF-0001,FG-0104-FP,Earthing Lug - 50 mm x 50 mm x 10 mm,,130,5,,Each,0,FALSE,FALSE
DFDF-0001,FD-0008-MP,Spring Collar - 30(OD)/17x10,,140,1,,Each,0,FALSE,FALSE
DFDF-0001,PP-DF-0010,Compression Spring - S/S - 2.03x150FLx16.5IDx19.5TC,,150,1,,Each,0,FALSE,FALSE
DFDF-0001,PP-FIX-M8-0003,M8x50 CSK Bolt - A2,,160,2,,Each,0,FALSE,FALSE
DFDF-0001,PP-FIX-M8-0002,M8x30 Button Head Bolt - A2,,170,8,,Each,0,FALSE,FALSE
DFDF-0001,PP-FIX-M8-0006,M8 Washer - A2,,180,26,,Each,0,FALSE,FALSE
DFDF-0001,PP-FIX-M6-0011,M6x16 CSK Bolt - A2,,190,12,,Each,0,FALSE,FALSE
DFDF-0001,PP-FIX-M4-0001,M4x16 Button Head Bolt - A2,,200,1,,Each,0,FALSE,FALSE
DFDF-0001,PP-DF-0063,Pull Handle - S/S - 14(OD) x 225mm,,210,2,,Each,0,FALSE,FALSE
DFDF-0001,FD-0011-FP,Rose for Pull Handle - S/S - 14(OD) x 225mm,,220,4,,Each,0,FALSE,FALSE
DFDF-0001,RAW-RHS-0002,RHS - 50x30x3mm - S235,,230,7.009,,Metres,0,FALSE,FALSE
DFDF-0001,RAW-SHS-0001,SHS - 50x50x3mm - S235,,240,15.298,,Metres,0,FALSE,FALSE
DFDF-0001,FD-0037-FP,Lock Fixing Plate Rear - 5mm,,250,1,,Each,0,FALSE,FALSE
DFDF-0001,FD-0040-FP,Lock Fixing Plate Front - 5mm,,260,1,,Each,0,FALSE,FALSE
DFDF-0001,FD-0015-FP,Security Door Clylinder Guard Tube,,270,1,,Each,0,FALSE,FALSE
DFDF-0001,RAW-CHS-0002,CHS - 26.9(OD)x2mm - S235,,280,0.044,,Metres,0,FALSE,FALSE
DFDF-0001,RAW-SFP-0001,P Frame - 3mm - S275 Zintec,,290,6.47,,Metres,0,FALSE,FALSE
DFDF-0001,RAW-SFP-0002,P Frame Closer - 3mm - S275 Zintec,,300,6.031,,Metres,0,FALSE,FALSE
DFDF-0001,FD-0005-FP,P Frame Cap - 3 mm,,310,2,,Each,0,FALSE,FALSE
DFDF-0001,FD-0009-FP,P Frame Corner Closer - 3 mm,,320,2,,Each,0,FALSE,FALSE
DFDF-0001,FD-0003-FP,Trip Plate - 4 mm,,330,2,,Each,0,FALSE,FALSE
DFDF-0001,FD-0041-FP,Universal Door Closer Bracket Fire - 5 mm,,340,2,,Each,0,FALSE,FALSE
DFDF-0001,PP-FIX-M6-0004,M6 Washer - A2,,350,44,,Each,0,FALSE,FALSE
DFDF-0001,PP-FIX-M6-0001,M6x16 Button Head Bolt - A2,,360,44,,Each,0,FALSE,FALSE
DFDF-0001,PP-FIX-M12-0004,M12 Hex Nut - A2,,370,2,,Each,0,FALSE,FALSE
DFDF-0001,PP-FIX-M8-0001,M8x20 Button Head Bolt - A2,,380,18,,Each,0,FALSE,FALSE
DFDF-0001,RAW-SHS-0003,SHS - 60x60x6mm - S355,,390,2.073,,Metres,0,FALSE,FALSE
DFDF-0001,FD-0006-FP,Centre Post Cap - 47x47x5mm,,400,2,,Each,0,FALSE,FALSE
DFDF-0001,FD-0007-FP,Centre Post Flange - 60x33x6mm,,410,2,,Each,0,FALSE,FALSE
DFDF-0001,SEAL-0031,38x35mm Black Closed Cell A320 Neoprene/EPDM,,420,6.128,,Metres,0,FALSE,FALSE
DFDF-0001,PP-DF-0052,Toggle Clamp - Good Hand GH-22502-B,,430,3,,Each,0,FALSE,FALSE
DFDF-0001,RAW-RB-0001,RB - 18mm - SS304,,440,1.325,,Metres,0,FALSE,FALSE
DFDF-0001,PP-DF-0011,Lock Pin & Chain - K0365.102306030/K1125.01X160,,450,3,,Each,0,FALSE,FALSE
DFDF-0001,PP-DF-0037,Good Hand Chain - K1125.01X160,,460,3,,Each,0,FALSE,FALSE
DFDS-0001,DXF-0000-00-DFDC5,Double Flood Door C5 DXF Pack,,10,1,,Each,0,FALSE,FALSE
DFDS-0001,PP-FIX-M10-0001,M10x100 Thunderbolt - BZP,,20,24,,Each,0,FALSE,FALSE
DFDS-0001,PP-FIX-M6-0023,M6x10 CSK Bolt - A2,,30,8,,Each,0,FALSE,FALSE
DFDS-0001,PP-DF-0015,LCN 4040XP Door Closer - Universal,,40,2,,Each,0,FALSE,FALSE
DFDS-0001,PP-DF-0001-1,HD Bullet Hinge - Top,,50,6,,Each,0,FALSE,FALSE
DFDS-0001,SEAL-0031,38x35mm Black Closed Cell A320 Neoprene/EPDM,,60,6.088,,Metres,0,FALSE,FALSE
DFDS-0001,PP-SL216,S McGill 2-Point Lock,,70,1,,Each,0,FALSE,FALSE
DFDS-0001,FD-0026-FP,Hinge Shroud C5 - 6 mm,,80,6,,Each,0,FALSE,FALSE
DFDS-0001,PP-DF-0001-2,HD Bullet Hinge - Bottom,,90,6,,Each,0,FALSE,FALSE
DFDS-0001,PP-DF-0001-3,HD Bullet Hinge - Washer 22(OD)mm x 2 mm,,100,6,,Each,0,FALSE,FALSE
DFDS-0001,PP-DF-0017,GSS3E80 Cylinder Guard - S.McGill - Europrofile,,110,1,,Each,0,FALSE,FALSE
DFDS-0001,FG-0104-FP,Earthing Lug - 50 mm x 50 mm x 10 mm,,120,5,,Each,0,FALSE,FALSE
DFDS-0001,FD-0008-MP,Spring Collar - 30(OD)/17x10,,130,1,,Each,0,FALSE,FALSE
DFDS-0001,PP-DF-0010,Compression Spring - S/S - 2.03x150FLx16.5IDx19.5TC,,140,1,,Each,0,FALSE,FALSE
DFDS-0001,PP-FIX-M8-0003,M8x50 CSK Bolt - A2,,150,2,,Each,0,FALSE,FALSE
DFDS-0001,PP-FIX-M8-0002,M8x30 Button Head Bolt - A2,,160,8,,Each,0,FALSE,FALSE
DFDS-0001,PP-FIX-M8-0006,M8 Washer - A2,,170,26,,Each,0,FALSE,FALSE
DFDS-0001,PP-FIX-M6-0011,M6x16 CSK Bolt - A2,,180,12,,Each,0,FALSE,FALSE
DFDS-0001,PP-FIX-M4-0001,M4x16 Button Head Bolt - A2,,190,1,,Each,0,FALSE,FALSE
DFDS-0001,PP-DF-0063,Pull Handle - S/S - 14(OD) x 225mm,,200,2,,Each,0,FALSE,FALSE
DFDS-0001,FD-0011-FP,Rose for Pull Handle - S/S - 14(OD) x 225mm,,210,4,,Each,0,FALSE,FALSE
DFDS-0001,RAW-RHS-0002,RHS - 50x30x3mm - S235,,220,7.009,,Metres,0,FALSE,FALSE
DFDS-0001,RAW-SHS-0001,SHS - 50x50x3mm - S235,,230,15.298,,Metres,0,FALSE,FALSE
DFDS-0001,FD-0037-FP,Lock Fixing Plate Rear - 5mm,,240,1,,Each,0,FALSE,FALSE
DFDS-0001,FD-0040-FP,Lock Fixing Plate Front - 5mm,,250,1,,Each,0,FALSE,FALSE
DFDS-0001,FD-0015-FP,Security Door Clylinder Guard Tube,,260,1,,Each,0,FALSE,FALSE
DFDS-0001,RAW-CHS-0002,CHS - 26.9(OD)x2mm - S235,,270,0.044,,Metres,0,FALSE,FALSE
DFDS-0001,RAW-SFP-0001,P Frame - 3mm - S275 Zintec,,280,6.47,,Metres,0,FALSE,FALSE
DFDS-0001,RAW-SFP-0002,P Frame Closer - 3mm - S275 Zintec,,290,6.031,,Metres,0,FALSE,FALSE
DFDS-0001,FD-0005-FP,P Frame Cap - 3 mm,,300,2,,Each,0,FALSE,FALSE
DFDS-0001,FD-0009-FP,P Frame Corner Closer - 3 mm,,310,2,,Each,0,FALSE,FALSE
DFDS-0001,FD-0003-FP,Trip Plate - 4 mm,,320,2,,Each,0,FALSE,FALSE
DFDS-0001,FD-0041-FP,Universal Door Closer Bracket Fire - 5 mm,,330,2,,Each,0,FALSE,FALSE
DFDS-0001,PP-FIX-M6-0004,M6 Washer - A2,,340,44,,Each,0,FALSE,FALSE
DFDS-0001,PP-FIX-M6-0001,M6x16 Button Head Bolt - A2,,350,44,,Each,0,FALSE,FALSE
DFDS-0001,PP-FIX-M12-0004,M12 Hex Nut - A2,,360,2,,Each,0,FALSE,FALSE
DFDS-0001,PP-FIX-M8-0001,M8x20 Button Head Bolt - A2,,370,18,,Each,0,FALSE,FALSE
DFDS-0001,RAW-SHS-0003,SHS - 60x60x6mm - S355,,380,2.073,,Metres,0,FALSE,FALSE
DFDS-0001,FD-0006-FP,Centre Post Cap - 47x47x5mm,,390,2,,Each,0,FALSE,FALSE
DFDS-0001,FD-0007-FP,Centre Post Flange - 60x33x6mm,,400,2,,Each,0,FALSE,FALSE
DFDS-0001,SEAL-0031,38x35mm Black Closed Cell A320 Neoprene/EPDM,,410,6.128,,Metres,0,FALSE,FALSE
DFDS-0001,PP-DF-0052,Toggle Clamp - Good Hand GH-22502-B,,420,3,,Each,0,FALSE,FALSE
DFDS-0001,RAW-RB-0001,RB - 18mm - SS304,,430,1.325,,Metres,0,FALSE,FALSE
DFDS-0001,PP-DF-0011,Lock Pin & Chain - K0365.102306030/K1125.01X160,,440,3,,Each,0,FALSE,FALSE
DFDS-0001,PP-DF-0037,Good Hand Chain - K1125.01X160,,450,3,,Each,0,FALSE,FALSE
SFD-0001,DXF-0000-00-SFD,Single Flood Door DXF Pack,,10,1,,Each,0,FALSE,FALSE
SFD-0001,PP-FIX-M10-0001,M10x100 Thunderbolt - BZP,,20,24,,Each,0,FALSE,FALSE
SFD-0001,PP-FIX-M6-0023,M6x10 CSK Bolt - A2,,30,8,,Each,0,FALSE,FALSE
SFD-0001,PP-DF-0015,LCN 4040XP Door Closer - Universal,,40,1,,Each,0,FALSE,FALSE
SFD-0001,RAW-SFP-0001,P Frame - 3mm - S275 Zintec,,50,6.47,,Metres,0,FALSE,FALSE
SFD-0001,RAW-SFP-0002,P Frame Closer - 3mm - S275 Zintec,,60,6.031,,Metres,0,FALSE,FALSE
SFD-0001,FD-0005-FP,P Frame Cap - 3 mm,,70,2,,Each,0,FALSE,FALSE
SFD-0001,FD-0009-FP,P Frame Corner Closer - 3 mm,,80,2,,Each,0,FALSE,FALSE
SFD-0001,FD-0003-FP,Trip Plate - 4 mm,,90,1,,Each,0,FALSE,FALSE
SFD-0001,FD-0041-FP,Universal Door Closer Bracket Fire - 5 mm,,100,1,,Each,0,FALSE,FALSE
SFD-0001,PP-DF-0001-2,HD Bullet Hinge - Bottom,,110,3,,Each,0,FALSE,FALSE
SFD-0001,PP-DF-0001-3,HD Bullet Hinge - Washer 22(OD)mm x 2 mm,,120,3,,Each,0,FALSE,FALSE
SFD-0001,PP-FIX-M6-0011,M6x16 CSK Bolt - A2,,130,8,,Each,0,FALSE,FALSE
SFD-0001,PP-FIX-M6-0004,M6 Washer - A2,,140,44,,Each,0,FALSE,FALSE
SFD-0001,PP-FIX-M6-0001,M6x16 Button Head Bolt - A2,,150,44,,Each,0,FALSE,FALSE
SFD-0001,PP-FIX-M12-0004,M12 Hex Nut - A2,,160,2,,Each,0,FALSE,FALSE
SFD-0001,FG-0104-FP,Earthing Lug - 50 mm x 50 mm x 10 mm,,170,2,,Each,0,FALSE,FALSE
SFD-0001,PP-FIX-M8-0006,M8 Washer - A2,,180,26,,Each,0,FALSE,FALSE
SFD-0001,PP-FIX-M8-0001,M8x20 Button Head Bolt - A2,,190,18,,Each,0,FALSE,FALSE
SFD-0001,PP-DF-0001-1,HD Bullet Hinge - Top,,200,3,,Each,0,FALSE,FALSE
SFD-0001,SEAL-0031,38x35mm Black Closed Cell A320 Neoprene/EPDM,,210,6.088,,Metres,0,FALSE,FALSE
SFD-0001,PP-SL216,S McGill 2-Point Lock,,220,1,,Each,0,FALSE,FALSE
SFD-0001,FD-0026-FP,Hinge Shroud C5 - 6 mm,,230,3,,Each,0,FALSE,FALSE
SFD-0001,FD-0008-MP,Spring Collar - 30(OD)/17x10,,250,1,,Each,0,FALSE,FALSE
SFD-0001,PP-DF-0010,Compression Spring - S/S - 2.03x150FLx16.5IDx19.5TC,,260,1,,Each,0,FALSE,FALSE
SFD-0001,PP-FIX-M8-0003,M8x50 CSK Bolt - A2,,270,2,,Each,0,FALSE,FALSE
SFD-0001,PP-FIX-M8-0002,M8x30 Button Head Bolt - A2,,280,8,,Each,0,FALSE,FALSE
SFD-0001,PP-FIX-M4-0001,M4x16 Button Head Bolt - A2,,290,1,,Each,0,FALSE,FALSE
SFD-0001,PP-DF-0063,Pull Handle - S/S - 14(OD) x 225mm,,300,1,,Each,0,FALSE,FALSE
SFD-0001,FD-0011-FP,Rose for Pull Handle - S/S - 14(OD) x 225mm,,310,2,,Each,0,FALSE,FALSE
SFD-0001,RAW-RHS-0002,RHS - 50x30x3mm - S235,,320,7.009,,Metres,0,FALSE,FALSE
SFD-0001,RAW-SHS-0001,SHS - 50x50x3mm - S235,,330,5.904,,Metres,0,FALSE,FALSE
SFD-0001,FD-0037-FP,Lock Fixing Plate Rear - 5mm,,340,1,,Each,0,FALSE,FALSE
SFD-0001,FD-0040-FP,Lock Fixing Plate Front - 5mm,,350,1,,Each,0,FALSE,FALSE
SFD-0001,FD-0015-FP,Security Door Clylinder Guard Tube,,360,1,,Each,0,FALSE,FALSE
SFD-0001,RAW-CHS-0002,CHS - 26.9(OD)x2mm - S235,,370,0.044,,Metres,0,FALSE,FALSE
SFDC5-0001,DXF-0000-00-SFDC5,Single Flood Door C5 DXF Pack,,10,1,,Each,0,FALSE,FALSE
SFDC5-0001,PP-FIX-M10-0001,M10x100 Thunderbolt - BZP,,20,24,,Each,0,FALSE,FALSE
SFDC5-0001,PP-FIX-M6-0023,M6x10 CSK Bolt - A2,,30,8,,Each,0,FALSE,FALSE
SFDC5-0001,PP-DF-0015,LCN 4040XP Door Closer - Universal,,40,1,,Each,0,FALSE,FALSE
SFDC5-0001,RAW-SFP-0001,P Frame - 3mm - S275 Zintec,,50,6.47,,Metres,0,FALSE,FALSE
SFDC5-0001,RAW-SFP-0002,P Frame Closer - 3mm - S275 Zintec,,60,6.031,,Metres,0,FALSE,FALSE
SFDC5-0001,FD-0005-FP,P Frame Cap - 3 mm,,70,2,,Each,0,FALSE,FALSE
SFDC5-0001,FD-0009-FP,P Frame Corner Closer - 3 mm,,80,2,,Each,0,FALSE,FALSE
SFDC5-0001,FD-0003-FP,Trip Plate - 4 mm,,90,1,,Each,0,FALSE,FALSE
SFDC5-0001,FD-0041-FP,Universal Door Closer Bracket Fire - 5 mm,,100,1,,Each,0,FALSE,FALSE
SFDC5-0001,PP-DF-0001-2,HD Bullet Hinge - Bottom,,110,3,,Each,0,FALSE,FALSE
SFDC5-0001,PP-DF-0001-3,HD Bullet Hinge - Washer 22(OD)mm x 2 mm,,120,3,,Each,0,FALSE,FALSE
SFDC5-0001,PP-FIX-M6-0011,M6x16 CSK Bolt - A2,,130,8,,Each,0,FALSE,FALSE
SFDC5-0001,PP-FIX-M6-0004,M6 Washer - A2,,140,44,,Each,0,FALSE,FALSE
SFDC5-0001,PP-FIX-M6-0001,M6x16 Button Head Bolt - A2,,150,44,,Each,0,FALSE,FALSE
SFDC5-0001,PP-FIX-M12-0004,M12 Hex Nut - A2,,160,2,,Each,0,FALSE,FALSE
SFDC5-0001,FG-0104-FP,Earthing Lug - 50 mm x 50 mm x 10 mm,,170,2,,Each,0,FALSE,FALSE
SFDC5-0001,PP-FIX-M8-0006,M8 Washer - A2,,180,26,,Each,0,FALSE,FALSE
SFDC5-0001,PP-FIX-M8-0001,M8x20 Button Head Bolt - A2,,190,18,,Each,0,FALSE,FALSE
SFDC5-0001,PP-DF-0001-1,HD Bullet Hinge - Top,,200,3,,Each,0,FALSE,FALSE
SFDC5-0001,SEAL-0031,38x35mm Black Closed Cell A320 Neoprene/EPDM,,210,6.088,,Metres,0,FALSE,FALSE
SFDC5-0001,PP-SL216,S McGill 2-Point Lock,,220,1,,Each,0,FALSE,FALSE
SFDC5-0001,FD-0026-FP,Hinge Shroud C5 - 6 mm,,230,3,,Each,0,FALSE,FALSE
SFDC5-0001,PP-DF-0017,GSS3E80 Cylinder Guard - S.McGill - Europrofile,,240,1,,Each,0,FALSE,FALSE
SFDC5-0001,FD-0008-MP,Spring Collar - 30(OD)/17x10,,250,1,,Each,0,FALSE,FALSE
SFDC5-0001,PP-DF-0010,Compression Spring - S/S - 2.03x150FLx16.5IDx19.5TC,,260,1,,Each,0,FALSE,FALSE
SFDC5-0001,PP-FIX-M8-0003,M8x50 CSK Bolt - A2,,270,2,,Each,0,FALSE,FALSE
SFDC5-0001,PP-FIX-M8-0002,M8x30 Button Head Bolt - A2,,280,8,,Each,0,FALSE,FALSE
SFDC5-0001,PP-FIX-M4-0001,M4x16 Button Head Bolt - A2,,290,1,,Each,0,FALSE,FALSE
SFDC5-0001,PP-DF-0063,Pull Handle - S/S - 14(OD) x 225mm,,300,1,,Each,0,FALSE,FALSE
SFDC5-0001,FD-0011-FP,Rose for Pull Handle - S/S - 14(OD) x 225mm,,310,2,,Each,0,FALSE,FALSE
SFDC5-0001,RAW-RHS-0002,RHS - 50x30x3mm - S235,,320,7.009,,Metres,0,FALSE,FALSE
SFDC5-0001,RAW-SHS-0001,SHS - 50x50x3mm - S235,,330,5.904,,Metres,0,FALSE,FALSE
SFDC5-0001,FD-0037-FP,Lock Fixing Plate Rear - 5mm,,340,1,,Each,0,FALSE,FALSE
SFDC5-0001,FD-0040-FP,Lock Fixing Plate Front - 5mm,,350,1,,Each,0,FALSE,FALSE
SFDC5-0001,FD-0015-FP,Security Door Clylinder Guard Tube,,360,1,,Each,0,FALSE,FALSE
SFDC5-0001,RAW-CHS-0002,CHS - 26.9(OD)x2mm - S235,,370,0.044,,Metres,0,FALSE,FALSE
SFDC5F-0001,DXF-0000-00-SFDC5,Single Flood Door C5 DXF Pack,,10,1,,Each,0,FALSE,FALSE
SFDC5F-0001,PP-FIX-M10-0001,M10x100 Thunderbolt - BZP,,20,24,,Each,0,FALSE,FALSE
SFDC5F-0001,PP-FIX-M6-0023,M6x10 CSK Bolt - A2,,30,8,,Each,0,FALSE,FALSE
SFDC5F-0001,PP-DF-0048,Dorma TS83 BC EN 3-6 Door Closer - Universal,,40,1,,Each,0,FALSE,FALSE
SFDC5F-0001,RAW-SFP-0001,P Frame - 3mm - S275 Zintec,,50,6.47,,Metres,0,FALSE,FALSE
SFDC5F-0001,RAW-SFP-0002,P Frame Closer - 3mm - S275 Zintec,,60,6.031,,Metres,0,FALSE,FALSE
SFDC5F-0001,FD-0005-FP,P Frame Cap - 3 mm,,70,2,,Each,0,FALSE,FALSE
SFDC5F-0001,FD-0009-FP,P Frame Corner Closer - 3 mm,,80,2,,Each,0,FALSE,FALSE
SFDC5F-0001,FD-0003-FP,Trip Plate - 4 mm,,90,1,,Each,0,FALSE,FALSE
SFDC5F-0001,FD-0041-FP,Universal Door Closer Bracket Fire - 5 mm,,100,1,,Each,0,FALSE,FALSE
SFDC5F-0001,PP-DF-0001-2,HD Bullet Hinge - Bottom,,110,3,,Each,0,FALSE,FALSE
SFDC5F-0001,PP-DF-0001-3,HD Bullet Hinge - Washer 22(OD)mm x 2 mm,,120,3,,Each,0,FALSE,FALSE
SFDC5F-0001,PP-FIX-M6-0011,M6x16 CSK Bolt - A2,,130,8,,Each,0,FALSE,FALSE
SFDC5F-0001,PP-FIX-M6-0004,M6 Washer - A2,,140,44,,Each,0,FALSE,FALSE
SFDC5F-0001,PP-FIX-M6-0001,M6x16 Button Head Bolt - A2,,150,44,,Each,0,FALSE,FALSE
SFDC5F-0001,PP-FIX-M12-0004,M12 Hex Nut - A2,,160,2,,Each,0,FALSE,FALSE
SFDC5F-0001,FG-0104-FP,Earthing Lug - 50 mm x 50 mm x 10 mm,,170,2,,Each,0,FALSE,FALSE
SFDC5F-0001,PP-FIX-M8-0006,M8 Washer - A2,,180,26,,Each,0,FALSE,FALSE
SFDC5F-0001,PP-FIX-M8-0001,M8x20 Button Head Bolt - A2,,190,18,,Each,0,FALSE,FALSE
SFDC5F-0001,PP-DF-0001-1,HD Bullet Hinge - Top,,200,3,,Each,0,FALSE,FALSE
SFDC5F-0001,SEAL-0017,38x35mm Grey Closed-cell FR Neoprene/EPDM,,210,6.088,,Metres,0,FALSE,FALSE
SFDC5F-0001,PP-SL216,S McGill 2-Point Lock,,220,1,,Each,0,FALSE,FALSE
SFDC5F-0001,SEAL-0009,Intumescent Tape - 15mm x 2mm,,230,5.936,,Metres,0,FALSE,FALSE
SFDC5F-0001,FD-0026-FP,Hinge Shroud C5 - 6 mm,,240,3,,Each,0,FALSE,FALSE
SFDC5F-0001,PP-DF-0017,GSS3E80 Cylinder Guard - S.McGill - Europrofile,,250,1,,Each,0,FALSE,FALSE
SFDC5F-0001,FD-0008-MP,Spring Collar - 30(OD)/17x10,,260,1,,Each,0,FALSE,FALSE
SFDC5F-0001,PP-DF-0010,Compression Spring - S/S - 2.03x150FLx16.5IDx19.5TC,,270,1,,Each,0,FALSE,FALSE
SFDC5F-0001,PP-FIX-M8-0003,M8x50 CSK Bolt - A2,,280,2,,Each,0,FALSE,FALSE
SFDC5F-0001,PP-FIX-M8-0002,M8x30 Button Head Bolt - A2,,290,8,,Each,0,FALSE,FALSE
SFDC5F-0001,PP-FIX-M4-0001,M4x16 Button Head Bolt - A2,,300,1,,Each,0,FALSE,FALSE
SFDC5F-0001,PP-DF-0063,Pull Handle - S/S - 14(OD) x 225mm,,310,1,,Each,0,FALSE,FALSE
SFDC5F-0001,FD-0011-FP,Rose for Pull Handle - S/S - 14(OD) x 225mm,,320,2,,Each,0,FALSE,FALSE
SFDC5F-0001,RAW-RHS-0002,RHS - 50x30x3mm - S235,,330,7.009,,Metres,0,FALSE,FALSE
SFDC5F-0001,RAW-SHS-0001,SHS - 50x50x3mm - S235,,340,5.904,,Metres,0,FALSE,FALSE
SFDC5F-0001,FD-0037-FP,Lock Fixing Plate Rear - 5mm,,350,1,,Each,0,FALSE,FALSE
SFDC5F-0001,FD-0040-FP,Lock Fixing Plate Front - 5mm,,360,1,,Each,0,FALSE,FALSE
SFDC5F-0001,FD-0015-FP,Security Door Clylinder Guard Tube,,370,1,,Each,0,FALSE,FALSE
SFDC5F-0001,RAW-CHS-0002,CHS - 26.9(OD)x2mm - S235,,380,0.044,,Metres,0,FALSE,FALSE
SFDDA-0001,DXF-0000-00-SFD,Single Flood Door DXF Pack,,10,1,,Each,0,FALSE,FALSE
SFDDA-0001,PP-FIX-M10-0001,M10x100 Thunderbolt - BZP,,20,24,,Each,0,FALSE,FALSE
SFDDA-0001,PP-FIX-M6-0023,M6x10 CSK Bolt - A2,,30,8,,Each,0,FALSE,FALSE
SFDDA-0001,PP-DF-0015,LCN 4040XP Door Closer - Universal,,40,1,,Each,0,FALSE,FALSE
SFDDA-0001,RAW-SFP-0001,P Frame - 3mm - S275 Zintec,,50,6.47,,Metres,0,FALSE,FALSE
SFDDA-0001,RAW-SFP-0002,P Frame Closer - 3mm - S275 Zintec,,60,6.031,,Metres,0,FALSE,FALSE
SFDDA-0001,FD-0005-FP,P Frame Cap - 3 mm,,70,2,,Each,0,FALSE,FALSE
SFDDA-0001,FD-0009-FP,P Frame Corner Closer - 3 mm,,80,2,,Each,0,FALSE,FALSE
SFDDA-0001,FD-0003-FP,Trip Plate - 4 mm,,90,1,,Each,0,FALSE,FALSE
SFDDA-0001,FD-0041-FP,Universal Door Closer Bracket Fire - 5 mm,,100,1,,Each,0,FALSE,FALSE
SFDDA-0001,PP-DF-0001-2,HD Bullet Hinge - Bottom,,110,5,,Each,0,FALSE,FALSE
SFDDA-0001,PP-DF-0001-3,HD Bullet Hinge - Washer 22(OD)mm x 2 mm,,120,5,,Each,0,FALSE,FALSE
SFDDA-0001,PP-FIX-M6-0011,M6x16 CSK Bolt - A2,,130,8,,Each,0,FALSE,FALSE
SFDDA-0001,PP-FIX-M6-0004,M6 Washer - A2,,140,44,,Each,0,FALSE,FALSE
SFDDA-0001,PP-FIX-M6-0001,M6x16 Button Head Bolt - A2,,150,44,,Each,0,FALSE,FALSE
SFDDA-0001,PP-FIX-M12-0004,M12 Hex Nut - A2,,160,2,,Each,0,FALSE,FALSE
SFDDA-0001,FG-0104-FP,Earthing Lug - 50 mm x 50 mm x 10 mm,,170,4,,Each,0,FALSE,FALSE
SFDDA-0001,PP-FIX-M8-0006,M8 Washer - A2,,180,26,,Each,0,FALSE,FALSE
SFDDA-0001,PP-FIX-M8-0001,M8x20 Button Head Bolt - A2,,190,18,,Each,0,FALSE,FALSE
SFDDA-0001,PP-DF-0001-1,HD Bullet Hinge - Top,,200,5,,Each,0,FALSE,FALSE
SFDDA-0001,SEAL-0031,38x35mm Black Closed Cell A320 Neoprene/EPDM,,210,6.088,,Metres,0,FALSE,FALSE
SFDDA-0001,PP-SL216,S McGill 2-Point Lock,,220,1,,Each,0,FALSE,FALSE
SFDDA-0001,FD-0026-FP,Hinge Shroud C5 - 6 mm,,230,5,,Each,0,FALSE,FALSE
SFDDA-0001,FD-0008-MP,Spring Collar - 30(OD)/17x10,,250,1,,Each,0,FALSE,FALSE
SFDDA-0001,PP-DF-0010,Compression Spring - S/S - 2.03x150FLx16.5IDx19.5TC,,260,1,,Each,0,FALSE,FALSE
SFDDA-0001,PP-FIX-M8-0003,M8x50 CSK Bolt - A2,,270,2,,Each,0,FALSE,FALSE
SFDDA-0001,PP-FIX-M8-0002,M8x30 Button Head Bolt - A2,,280,8,,Each,0,FALSE,FALSE
SFDDA-0001,PP-FIX-M4-0001,M4x16 Button Head Bolt - A2,,290,1,,Each,0,FALSE,FALSE
SFDDA-0001,PP-DF-0063,Pull Handle - S/S - 14(OD) x 225mm,,300,1,,Each,0,FALSE,FALSE
SFDDA-0001,FD-0011-FP,Rose for Pull Handle - S/S - 14(OD) x 225mm,,310,2,,Each,0,FALSE,FALSE
SFDDA-0001,RAW-RHS-0002,RHS - 50x30x3mm - S235,,320,12.287,,Metres,0,FALSE,FALSE
SFDDA-0001,RAW-SHS-0001,SHS - 50x50x3mm - S235,,330,5.904,,Metres,0,FALSE,FALSE
SFDDA-0001,FD-0037-FP,Lock Fixing Plate Rear - 5mm,,340,1,,Each,0,FALSE,FALSE
SFDDA-0001,FD-0040-FP,Lock Fixing Plate Front - 5mm,,350,1,,Each,0,FALSE,FALSE
SFDDA-0001,FD-0015-FP,Security Door Clylinder Guard Tube,,360,1,,Each,0,FALSE,FALSE
SFDDA-0001,RAW-CHS-0002,CHS - 26.9(OD)x2mm - S235,,370,0.044,,Metres,0,FALSE,FALSE
SFDDA-0001,FD-0027-MP,Dog Bolt,,380,2,,Each,0,FALSE,FALSE
SFDDA-0001,PP-DF-0012,Arrone Mortice Lock - AR8100,,390,1,,Each,0,FALSE,FALSE
SFDDA-0001,FD-0038-FP,Hatch Lock Plate Front - 6mm,,410,1,,Each,0,FALSE,FALSE
SFDDA-0001,FD-0039-FP,Hatch Lock Plate Rear - 6mm,,420,1,,Each,0,FALSE,FALSE
SFDDAC5-0001,DXF-0000-00-SFDC5,Single Flood Door C5 DXF Pack,,10,1,,Each,0,FALSE,FALSE
SFDDAC5-0001,PP-FIX-M10-0001,M10x100 Thunderbolt - BZP,,20,24,,Each,0,FALSE,FALSE
SFDDAC5-0001,PP-FIX-M6-0023,M6x10 CSK Bolt - A2,,30,8,,Each,0,FALSE,FALSE
SFDDAC5-0001,PP-DF-0015,LCN 4040XP Door Closer - Universal,,40,1,,Each,0,FALSE,FALSE
SFDDAC5-0001,RAW-SFP-0001,P Frame - 3mm - S275 Zintec,,50,6.47,,Metres,0,FALSE,FALSE
SFDDAC5-0001,RAW-SFP-0002,P Frame Closer - 3mm - S275 Zintec,,60,6.031,,Metres,0,FALSE,FALSE
SFDDAC5-0001,FD-0005-FP,P Frame Cap - 3 mm,,70,2,,Each,0,FALSE,FALSE
SFDDAC5-0001,FD-0009-FP,P Frame Corner Closer - 3 mm,,80,2,,Each,0,FALSE,FALSE
SFDDAC5-0001,FD-0003-FP,Trip Plate - 4 mm,,90,1,,Each,0,FALSE,FALSE
SFDDAC5-0001,FD-0041-FP,Universal Door Closer Bracket Fire - 5 mm,,100,1,,Each,0,FALSE,FALSE
SFDDAC5-0001,PP-DF-0001-2,HD Bullet Hinge - Bottom,,110,5,,Each,0,FALSE,FALSE
SFDDAC5-0001,PP-DF-0001-3,HD Bullet Hinge - Washer 22(OD)mm x 2 mm,,120,5,,Each,0,FALSE,FALSE
SFDDAC5-0001,PP-FIX-M6-0011,M6x16 CSK Bolt - A2,,130,8,,Each,0,FALSE,FALSE
SFDDAC5-0001,PP-FIX-M6-0004,M6 Washer - A2,,140,44,,Each,0,FALSE,FALSE
SFDDAC5-0001,PP-FIX-M6-0001,M6x16 Button Head Bolt - A2,,150,44,,Each,0,FALSE,FALSE
SFDDAC5-0001,PP-FIX-M12-0004,M12 Hex Nut - A2,,160,2,,Each,0,FALSE,FALSE
SFDDAC5-0001,FG-0104-FP,Earthing Lug - 50 mm x 50 mm x 10 mm,,170,4,,Each,0,FALSE,FALSE
SFDDAC5-0001,PP-FIX-M8-0006,M8 Washer - A2,,180,26,,Each,0,FALSE,FALSE
SFDDAC5-0001,PP-FIX-M8-0001,M8x20 Button Head Bolt - A2,,190,18,,Each,0,FALSE,FALSE
SFDDAC5-0001,PP-DF-0001-1,HD Bullet Hinge - Top,,200,5,,Each,0,FALSE,FALSE
SFDDAC5-0001,SEAL-0031,38x35mm Black Closed Cell A320 Neoprene/EPDM,,210,6.088,,Metres,0,FALSE,FALSE
SFDDAC5-0001,PP-SL216,S McGill 2-Point Lock,,220,1,,Each,0,FALSE,FALSE
SFDDAC5-0001,FD-0026-FP,Hinge Shroud C5 - 6 mm,,230,5,,Each,0,FALSE,FALSE
SFDDAC5-0001,PP-DF-0017,GSS3E80 Cylinder Guard - S.McGill - Europrofile,,240,1,,Each,0,FALSE,FALSE
SFDDAC5-0001,FD-0008-MP,Spring Collar - 30(OD)/17x10,,250,1,,Each,0,FALSE,FALSE
SFDDAC5-0001,PP-DF-0010,Compression Spring - S/S - 2.03x150FLx16.5IDx19.5TC,,260,1,,Each,0,FALSE,FALSE
SFDDAC5-0001,PP-FIX-M8-0003,M8x50 CSK Bolt - A2,,270,2,,Each,0,FALSE,FALSE
SFDDAC5-0001,PP-FIX-M8-0002,M8x30 Button Head Bolt - A2,,280,8,,Each,0,FALSE,FALSE
SFDDAC5-0001,PP-FIX-M4-0001,M4x16 Button Head Bolt - A2,,290,1,,Each,0,FALSE,FALSE
SFDDAC5-0001,PP-DF-0063,Pull Handle - S/S - 14(OD) x 225mm,,300,1,,Each,0,FALSE,FALSE
SFDDAC5-0001,FD-0011-FP,Rose for Pull Handle - S/S - 14(OD) x 225mm,,310,2,,Each,0,FALSE,FALSE
SFDDAC5-0001,RAW-RHS-0002,RHS - 50x30x3mm - S235,,320,12.287,,Metres,0,FALSE,FALSE
SFDDAC5-0001,RAW-SHS-0001,SHS - 50x50x3mm - S235,,330,5.904,,Metres,0,FALSE,FALSE
SFDDAC5-0001,FD-0037-FP,Lock Fixing Plate Rear - 5mm,,340,1,,Each,0,FALSE,FALSE
SFDDAC5-0001,FD-0040-FP,Lock Fixing Plate Front - 5mm,,350,1,,Each,0,FALSE,FALSE
SFDDAC5-0001,FD-0015-FP,Security Door Clylinder Guard Tube,,360,1,,Each,0,FALSE,FALSE
SFDDAC5-0001,RAW-CHS-0002,CHS - 26.9(OD)x2mm - S235,,370,0.044,,Metres,0,FALSE,FALSE
SFDDAC5-0001,FD-0027-MP,Dog Bolt,,380,2,,Each,0,FALSE,FALSE
SFDDAC5-0001,PP-TY113,Tyne Mortice Lock - S.McGill,,390,1,,Each,0,FALSE,FALSE
SFDDAC5-0001,PP-DF-0033,GMS3E60 Cylinder Guard - S.McGill,,400,1,,Each,0,FALSE,FALSE
SFDDAC5-0001,FD-0038-FP,Hatch Lock Plate Front - 6mm,,410,1,,Each,0,FALSE,FALSE
SFDDAC5-0001,FD-0039-FP,Hatch Lock Plate Rear - 6mm,,420,1,,Each,0,FALSE,FALSE
SFDDAC5F-0001,DXF-0000-00-SFDC5,Single Flood Door C5 DXF Pack,,10,1,,Each,0,FALSE,FALSE
SFDDAC5F-0001,PP-FIX-M10-0001,M10x100 Thunderbolt - BZP,,20,24,,Each,0,FALSE,FALSE
SFDDAC5F-0001,PP-FIX-M6-0023,M6x10 CSK Bolt - A2,,30,8,,Each,0,FALSE,FALSE
SFDDAC5F-0001,PP-DF-0048,Dorma TS83 BC EN 3-6 Door Closer - Universal,,40,1,,Each,0,FALSE,FALSE
SFDDAC5F-0001,RAW-SFP-0001,P Frame - 3mm - S275 Zintec,,50,6.47,,Metres,0,FALSE,FALSE
SFDDAC5F-0001,RAW-SFP-0002,P Frame Closer - 3mm - S275 Zintec,,60,6.031,,Metres,0,FALSE,FALSE
SFDDAC5F-0001,FD-0005-FP,P Frame Cap - 3 mm,,70,2,,Each,0,FALSE,FALSE
SFDDAC5F-0001,FD-0009-FP,P Frame Corner Closer - 3 mm,,80,2,,Each,0,FALSE,FALSE
SFDDAC5F-0001,FD-0003-FP,Trip Plate - 4 mm,,90,1,,Each,0,FALSE,FALSE
SFDDAC5F-0001,FD-0041-FP,Universal Door Closer Bracket Fire - 5 mm,,100,1,,Each,0,FALSE,FALSE
SFDDAC5F-0001,PP-DF-0001-2,HD Bullet Hinge - Bottom,,110,5,,Each,0,FALSE,FALSE
SFDDAC5F-0001,PP-DF-0001-3,HD Bullet Hinge - Washer 22(OD)mm x 2 mm,,120,5,,Each,0,FALSE,FALSE
SFDDAC5F-0001,PP-FIX-M6-0011,M6x16 CSK Bolt - A2,,130,8,,Each,0,FALSE,FALSE
SFDDAC5F-0001,PP-FIX-M6-0004,M6 Washer - A2,,140,44,,Each,0,FALSE,FALSE
SFDDAC5F-0001,PP-FIX-M6-0001,M6x16 Button Head Bolt - A2,,150,44,,Each,0,FALSE,FALSE
SFDDAC5F-0001,PP-FIX-M12-0004,M12 Hex Nut - A2,,160,2,,Each,0,FALSE,FALSE
SFDDAC5F-0001,FG-0104-FP,Earthing Lug - 50 mm x 50 mm x 10 mm,,170,4,,Each,0,FALSE,FALSE
SFDDAC5F-0001,PP-FIX-M8-0006,M8 Washer - A2,,180,26,,Each,0,FALSE,FALSE
SFDDAC5F-0001,PP-FIX-M8-0001,M8x20 Button Head Bolt - A2,,190,18,,Each,0,FALSE,FALSE
SFDDAC5F-0001,PP-DF-0001-1,HD Bullet Hinge - Top,,200,5,,Each,0,FALSE,FALSE
SFDDAC5F-0001,SEAL-0017,38x35mm Grey Closed-cell FR Neoprene/EPDM,,210,6.088,,Metres,0,FALSE,FALSE
SFDDAC5F-0001,PP-SL216,S McGill 2-Point Lock,,220,1,,Each,0,FALSE,FALSE
SFDDAC5F-0001,SEAL-0009,Intumescent Tape - 15mm x 2mm,,230,9.114,,Metres,0,FALSE,FALSE
SFDDAC5F-0001,FD-0026-FP,Hinge Shroud C5 - 6 mm,,240,5,,Each,0,FALSE,FALSE
SFDDAC5F-0001,PP-DF-0017,GSS3E80 Cylinder Guard - S.McGill - Europrofile,,250,1,,Each,0,FALSE,FALSE
SFDDAC5F-0001,FD-0008-MP,Spring Collar - 30(OD)/17x10,,260,1,,Each,0,FALSE,FALSE
SFDDAC5F-0001,PP-DF-0010,Compression Spring - S/S - 2.03x150FLx16.5IDx19.5TC,,270,1,,Each,0,FALSE,FALSE
SFDDAC5F-0001,PP-FIX-M8-0003,M8x50 CSK Bolt - A2,,280,2,,Each,0,FALSE,FALSE
SFDDAC5F-0001,PP-FIX-M8-0002,M8x30 Button Head Bolt - A2,,290,8,,Each,0,FALSE,FALSE
SFDDAC5F-0001,PP-FIX-M4-0001,M4x16 Button Head Bolt - A2,,300,1,,Each,0,FALSE,FALSE
SFDDAC5F-0001,PP-DF-0063,Pull Handle - S/S - 14(OD) x 225mm,,310,1,,Each,0,FALSE,FALSE
SFDDAC5F-0001,FD-0011-FP,Rose for Pull Handle - S/S - 14(OD) x 225mm,,320,2,,Each,0,FALSE,FALSE
SFDDAC5F-0001,RAW-RHS-0002,RHS - 50x30x3mm - S235,,330,12.287,,Metres,0,FALSE,FALSE
SFDDAC5F-0001,RAW-SHS-0001,SHS - 50x50x3mm - S235,,340,5.904,,Metres,0,FALSE,FALSE
SFDDAC5F-0001,FD-0037-FP,Lock Fixing Plate Rear - 5mm,,350,1,,Each,0,FALSE,FALSE
SFDDAC5F-0001,FD-0040-FP,Lock Fixing Plate Front - 5mm,,360,1,,Each,0,FALSE,FALSE
SFDDAC5F-0001,FD-0015-FP,Security Door Clylinder Guard Tube,,370,1,,Each,0,FALSE,FALSE
SFDDAC5F-0001,RAW-CHS-0002,CHS - 26.9(OD)x2mm - S235,,380,0.044,,Metres,0,FALSE,FALSE
SFDDAC5F-0001,FD-0027-MP,Dog Bolt,,390,2,,Each,0,FALSE,FALSE
SFDDAC5F-0001,PP-TY113,Tyne Mortice Lock - S.McGill,,400,1,,Each,0,FALSE,FALSE
SFDDAC5F-0001,PP-DF-0033,GMS3E60 Cylinder Guard - S.McGill,,410,1,,Each,0,FALSE,FALSE
SFDDAC5F-0001,FD-0038-FP,Hatch Lock Plate Front - 6mm,,420,1,,Each,0,FALSE,FALSE
SFDDAC5F-0001,FD-0039-FP,Hatch Lock Plate Rear - 6mm,,430,1,,Each,0,FALSE,FALSE
SFDDAF-0001,DXF-0000-00-SFD,Single Flood Door DXF Pack,,10,1,,Each,0,FALSE,FALSE
SFDDAF-0001,PP-FIX-M10-0001,M10x100 Thunderbolt - BZP,,20,24,,Each,0,FALSE,FALSE
SFDDAF-0001,PP-FIX-M6-0023,M6x10 CSK Bolt - A2,,30,8,,Each,0,FALSE,FALSE
SFDDAF-0001,PP-DF-0048,Dorma TS83 BC EN 3-6 Door Closer - Universal,,40,1,,Each,0,FALSE,FALSE
SFDDAF-0001,RAW-SFP-0001,P Frame - 3mm - S275 Zintec,,50,6.47,,Metres,0,FALSE,FALSE
SFDDAF-0001,RAW-SFP-0002,P Frame Closer - 3mm - S275 Zintec,,60,6.031,,Metres,0,FALSE,FALSE
SFDDAF-0001,FD-0005-FP,P Frame Cap - 3 mm,,70,2,,Each,0,FALSE,FALSE
SFDDAF-0001,FD-0009-FP,P Frame Corner Closer - 3 mm,,80,2,,Each,0,FALSE,FALSE
SFDDAF-0001,FD-0003-FP,Trip Plate - 4 mm,,90,1,,Each,0,FALSE,FALSE
SFDDAF-0001,FD-0041-FP,Universal Door Closer Bracket Fire - 5 mm,,100,1,,Each,0,FALSE,FALSE
SFDDAF-0001,PP-DF-0001-2,HD Bullet Hinge - Bottom,,110,5,,Each,0,FALSE,FALSE
SFDDAF-0001,PP-DF-0001-3,HD Bullet Hinge - Washer 22(OD)mm x 2 mm,,120,5,,Each,0,FALSE,FALSE
SFDDAF-0001,PP-FIX-M6-0011,M6x16 CSK Bolt - A2,,130,8,,Each,0,FALSE,FALSE
SFDDAF-0001,PP-FIX-M6-0004,M6 Washer - A2,,140,44,,Each,0,FALSE,FALSE
SFDDAF-0001,PP-FIX-M6-0001,M6x16 Button Head Bolt - A2,,150,44,,Each,0,FALSE,FALSE
SFDDAF-0001,PP-FIX-M12-0004,M12 Hex Nut - A2,,160,2,,Each,0,FALSE,FALSE
SFDDAF-0001,FG-0104-FP,Earthing Lug - 50 mm x 50 mm x 10 mm,,170,4,,Each,0,FALSE,FALSE
SFDDAF-0001,PP-FIX-M8-0006,M8 Washer - A2,,180,26,,Each,0,FALSE,FALSE
SFDDAF-0001,PP-FIX-M8-0001,M8x20 Button Head Bolt - A2,,190,18,,Each,0,FALSE,FALSE
SFDDAF-0001,PP-DF-0001-1,HD Bullet Hinge - Top,,200,5,,Each,0,FALSE,FALSE
SFDDAF-0001,SEAL-0017,38x35mm Grey Closed-cell FR Neoprene/EPDM,,210,6.088,,Metres,0,FALSE,FALSE
SFDDAF-0001,PP-SL216,S McGill 2-Point Lock,,220,1,,Each,0,FALSE,FALSE
SFDDAF-0001,SEAL-0009,Intumescent Tape - 15mm x 2mm,,230,9.114,,Metres,0,FALSE,FALSE
SFDDAF-0001,FD-0026-FP,Hinge Shroud C5 - 6 mm,,240,5,,Each,0,FALSE,FALSE
SFDDAF-0001,FD-0008-MP,Spring Collar - 30(OD)/17x10,,260,1,,Each,0,FALSE,FALSE
SFDDAF-0001,PP-DF-0010,Compression Spring - S/S - 2.03x150FLx16.5IDx19.5TC,,270,1,,Each,0,FALSE,FALSE
SFDDAF-0001,PP-FIX-M8-0003,M8x50 CSK Bolt - A2,,280,2,,Each,0,FALSE,FALSE
SFDDAF-0001,PP-FIX-M8-0002,M8x30 Button Head Bolt - A2,,290,8,,Each,0,FALSE,FALSE
SFDDAF-0001,PP-FIX-M4-0001,M4x16 Button Head Bolt - A2,,300,1,,Each,0,FALSE,FALSE
SFDDAF-0001,PP-DF-0063,Pull Handle - S/S - 14(OD) x 225mm,,310,1,,Each,0,FALSE,FALSE
SFDDAF-0001,FD-0011-FP,Rose for Pull Handle - S/S - 14(OD) x 225mm,,320,2,,Each,0,FALSE,FALSE
SFDDAF-0001,RAW-RHS-0002,RHS - 50x30x3mm - S235,,330,12.287,,Metres,0,FALSE,FALSE
SFDDAF-0001,RAW-SHS-0001,SHS - 50x50x3mm - S235,,340,5.904,,Metres,0,FALSE,FALSE
SFDDAF-0001,FD-0037-FP,Lock Fixing Plate Rear - 5mm,,350,1,,Each,0,FALSE,FALSE
SFDDAF-0001,FD-0040-FP,Lock Fixing Plate Front - 5mm,,360,1,,Each,0,FALSE,FALSE
SFDDAF-0001,FD-0015-FP,Security Door Clylinder Guard Tube,,370,1,,Each,0,FALSE,FALSE
SFDDAF-0001,RAW-CHS-0002,CHS - 26.9(OD)x2mm - S235,,380,0.044,,Metres,0,FALSE,FALSE
SFDDAF-0001,FD-0027-MP,Dog Bolt,,390,2,,Each,0,FALSE,FALSE
SFDDAF-0001,PP-DF-0012,Arrone Mortice Lock - AR8100,,400,1,,Each,0,FALSE,FALSE
SFDDAF-0001,FD-0038-FP,Hatch Lock Plate Front - 6mm,,420,1,,Each,0,FALSE,FALSE
SFDDAF-0001,FD-0039-FP,Hatch Lock Plate Rear - 6mm,,430,1,,Each,0,FALSE,FALSE
SFDDAS-0001,DXF-0000-00-SFDC5,Single Flood Door C5 DXF Pack,,10,1,,Each,0,FALSE,FALSE
SFDDAS-0001,PP-FIX-M10-0001,M10x100 Thunderbolt - BZP,,20,24,,Each,0,FALSE,FALSE
SFDDAS-0001,PP-FIX-M6-0023,M6x10 CSK Bolt - A2,,30,8,,Each,0,FALSE,FALSE
SFDDAS-0001,PP-DF-0015,LCN 4040XP Door Closer - Universal,,40,1,,Each,0,FALSE,FALSE
SFDDAS-0001,RAW-SFP-0001,P Frame - 3mm - S275 Zintec,,50,6.47,,Metres,0,FALSE,FALSE
SFDDAS-0001,RAW-SFP-0002,P Frame Closer - 3mm - S275 Zintec,,60,6.031,,Metres,0,FALSE,FALSE
SFDDAS-0001,FD-0005-FP,P Frame Cap - 3 mm,,70,2,,Each,0,FALSE,FALSE
SFDDAS-0001,FD-0009-FP,P Frame Corner Closer - 3 mm,,80,2,,Each,0,FALSE,FALSE
SFDDAS-0001,FD-0003-FP,Trip Plate - 4 mm,,90,1,,Each,0,FALSE,FALSE
SFDDAS-0001,FD-0041-FP,Universal Door Closer Bracket Fire - 5 mm,,100,1,,Each,0,FALSE,FALSE
SFDDAS-0001,PP-DF-0001-2,HD Bullet Hinge - Bottom,,110,5,,Each,0,FALSE,FALSE
SFDDAS-0001,PP-DF-0001-3,HD Bullet Hinge - Washer 22(OD)mm x 2 mm,,120,5,,Each,0,FALSE,FALSE
SFDDAS-0001,PP-FIX-M6-0011,M6x16 CSK Bolt - A2,,130,8,,Each,0,FALSE,FALSE
SFDDAS-0001,PP-FIX-M6-0004,M6 Washer - A2,,140,44,,Each,0,FALSE,FALSE
SFDDAS-0001,PP-FIX-M6-0001,M6x16 Button Head Bolt - A2,,150,44,,Each,0,FALSE,FALSE
SFDDAS-0001,PP-FIX-M12-0004,M12 Hex Nut - A2,,160,2,,Each,0,FALSE,FALSE
SFDDAS-0001,FG-0104-FP,Earthing Lug - 50 mm x 50 mm x 10 mm,,170,4,,Each,0,FALSE,FALSE
SFDDAS-0001,PP-FIX-M8-0006,M8 Washer - A2,,180,26,,Each,0,FALSE,FALSE
SFDDAS-0001,PP-FIX-M8-0001,M8x20 Button Head Bolt - A2,,190,18,,Each,0,FALSE,FALSE
SFDDAS-0001,PP-DF-0001-1,HD Bullet Hinge - Top,,200,5,,Each,0,FALSE,FALSE
SFDDAS-0001,SEAL-0031,38x35mm Black Closed Cell A320 Neoprene/EPDM,,210,6.088,,Metres,0,FALSE,FALSE
SFDDAS-0001,PP-SL216,S McGill 2-Point Lock,,220,1,,Each,0,FALSE,FALSE
SFDDAS-0001,FD-0026-FP,Hinge Shroud C5 - 6 mm,,230,5,,Each,0,FALSE,FALSE
SFDDAS-0001,PP-DF-0017,GSS3E80 Cylinder Guard - S.McGill - Europrofile,,240,1,,Each,0,FALSE,FALSE
SFDDAS-0001,FD-0008-MP,Spring Collar - 30(OD)/17x10,,250,1,,Each,0,FALSE,FALSE
SFDDAS-0001,PP-DF-0010,Compression Spring - S/S - 2.03x150FLx16.5IDx19.5TC,,260,1,,Each,0,FALSE,FALSE
SFDDAS-0001,PP-FIX-M8-0003,M8x50 CSK Bolt - A2,,270,2,,Each,0,FALSE,FALSE
SFDDAS-0001,PP-FIX-M8-0002,M8x30 Button Head Bolt - A2,,280,8,,Each,0,FALSE,FALSE
SFDDAS-0001,PP-FIX-M4-0001,M4x16 Button Head Bolt - A2,,290,1,,Each,0,FALSE,FALSE
SFDDAS-0001,PP-DF-0063,Pull Handle - S/S - 14(OD) x 225mm,,300,1,,Each,0,FALSE,FALSE
SFDDAS-0001,FD-0011-FP,Rose for Pull Handle - S/S - 14(OD) x 225mm,,310,2,,Each,0,FALSE,FALSE
SFDDAS-0001,RAW-RHS-0002,RHS - 50x30x3mm - S235,,320,12.287,,Metres,0,FALSE,FALSE
SFDDAS-0001,RAW-SHS-0001,SHS - 50x50x3mm - S235,,330,5.904,,Metres,0,FALSE,FALSE
SFDDAS-0001,FD-0037-FP,Lock Fixing Plate Rear - 5mm,,340,1,,Each,0,FALSE,FALSE
SFDDAS-0001,FD-0040-FP,Lock Fixing Plate Front - 5mm,,350,1,,Each,0,FALSE,FALSE
SFDDAS-0001,FD-0015-FP,Security Door Clylinder Guard Tube,,360,1,,Each,0,FALSE,FALSE
SFDDAS-0001,RAW-CHS-0002,CHS - 26.9(OD)x2mm - S235,,370,0.044,,Metres,0,FALSE,FALSE
SFDDAS-0001,FD-0027-MP,Dog Bolt,,380,2,,Each,0,FALSE,FALSE
SFDDAS-0001,PP-TY113,Tyne Mortice Lock - S.McGill,,390,1,,Each,0,FALSE,FALSE
SFDDAS-0001,PP-DF-0033,GMS3E60 Cylinder Guard - S.McGill,,400,1,,Each,0,FALSE,FALSE
SFDDAS-0001,FD-0038-FP,Hatch Lock Plate Front - 6mm,,410,1,,Each,0,FALSE,FALSE
SFDDAS-0001,FD-0039-FP,Hatch Lock Plate Rear - 6mm,,420,1,,Each,0,FALSE,FALSE
SFDF-0001,DXF-0000-00-SFD,Single Flood Door DXF Pack,,10,1,,Each,0,FALSE,FALSE
SFDF-0001,PP-FIX-M10-0001,M10x100 Thunderbolt - BZP,,20,24,,Each,0,FALSE,FALSE
SFDF-0001,PP-FIX-M6-0023,M6x10 CSK Bolt - A2,,30,8,,Each,0,FALSE,FALSE
SFDF-0001,PP-DF-0048,Dorma TS83 BC EN 3-6 Door Closer - Universal,,40,1,,Each,0,FALSE,FALSE
SFDF-0001,RAW-SFP-0001,P Frame - 3mm - S275 Zintec,,50,6.47,,Metres,0,FALSE,FALSE
SFDF-0001,RAW-SFP-0002,P Frame Closer - 3mm - S275 Zintec,,60,6.031,,Metres,0,FALSE,FALSE
SFDF-0001,FD-0005-FP,P Frame Cap - 3 mm,,70,2,,Each,0,FALSE,FALSE
SFDF-0001,FD-0009-FP,P Frame Corner Closer - 3 mm,,80,2,,Each,0,FALSE,FALSE
SFDF-0001,FD-0003-FP,Trip Plate - 4 mm,,90,1,,Each,0,FALSE,FALSE
SFDF-0001,FD-0041-FP,Universal Door Closer Bracket Fire - 5 mm,,100,1,,Each,0,FALSE,FALSE
SFDF-0001,PP-DF-0001-2,HD Bullet Hinge - Bottom,,110,3,,Each,0,FALSE,FALSE
SFDF-0001,PP-DF-0001-3,HD Bullet Hinge - Washer 22(OD)mm x 2 mm,,120,3,,Each,0,FALSE,FALSE
SFDF-0001,PP-FIX-M6-0011,M6x16 CSK Bolt - A2,,130,8,,Each,0,FALSE,FALSE
SFDF-0001,PP-FIX-M6-0004,M6 Washer - A2,,140,44,,Each,0,FALSE,FALSE
SFDF-0001,PP-FIX-M6-0001,M6x16 Button Head Bolt - A2,,150,44,,Each,0,FALSE,FALSE
SFDF-0001,PP-FIX-M12-0004,M12 Hex Nut - A2,,160,2,,Each,0,FALSE,FALSE
SFDF-0001,FG-0104-FP,Earthing Lug - 50 mm x 50 mm x 10 mm,,170,2,,Each,0,FALSE,FALSE
SFDF-0001,PP-FIX-M8-0006,M8 Washer - A2,,180,26,,Each,0,FALSE,FALSE
SFDF-0001,PP-FIX-M8-0001,M8x20 Button Head Bolt - A2,,190,18,,Each,0,FALSE,FALSE
SFDF-0001,PP-DF-0001-1,HD Bullet Hinge - Top,,200,3,,Each,0,FALSE,FALSE
SFDF-0001,SEAL-0017,38x35mm Grey Closed-cell FR Neoprene/EPDM,,210,6.088,,Metres,0,FALSE,FALSE
SFDF-0001,PP-SL216,S McGill 2-Point Lock,,220,1,,Each,0,FALSE,FALSE
SFDF-0001,SEAL-0009,Intumescent Tape - 15mm x 2mm,,230,5.936,,Metres,0,FALSE,FALSE
SFDF-0001,FD-0026-FP,Hinge Shroud C5 - 6 mm,,240,3,,Each,0,FALSE,FALSE
SFDF-0001,FD-0008-MP,Spring Collar - 30(OD)/17x10,,260,1,,Each,0,FALSE,FALSE
SFDF-0001,PP-DF-0010,Compression Spring - S/S - 2.03x150FLx16.5IDx19.5TC,,270,1,,Each,0,FALSE,FALSE
SFDF-0001,PP-FIX-M8-0003,M8x50 CSK Bolt - A2,,280,2,,Each,0,FALSE,FALSE
SFDF-0001,PP-FIX-M8-0002,M8x30 Button Head Bolt - A2,,290,8,,Each,0,FALSE,FALSE
SFDF-0001,PP-FIX-M4-0001,M4x16 Button Head Bolt - A2,,300,1,,Each,0,FALSE,FALSE
SFDF-0001,PP-DF-0063,Pull Handle - S/S - 14(OD) x 225mm,,310,1,,Each,0,FALSE,FALSE
SFDF-0001,FD-0011-FP,Rose for Pull Handle - S/S - 14(OD) x 225mm,,320,2,,Each,0,FALSE,FALSE
SFDF-0001,RAW-RHS-0002,RHS - 50x30x3mm - S235,,330,7.009,,Metres,0,FALSE,FALSE
SFDF-0001,RAW-SHS-0001,SHS - 50x50x3mm - S235,,340,5.904,,Metres,0,FALSE,FALSE
SFDF-0001,FD-0037-FP,Lock Fixing Plate Rear - 5mm,,350,1,,Each,0,FALSE,FALSE
SFDF-0001,FD-0040-FP,Lock Fixing Plate Front - 5mm,,360,1,,Each,0,FALSE,FALSE
SFDF-0001,FD-0015-FP,Security Door Clylinder Guard Tube,,370,1,,Each,0,FALSE,FALSE
SFDF-0001,RAW-CHS-0002,CHS - 26.9(OD)x2mm - S235,,380,0.044,,Metres,0,FALSE,FALSE
SFDS-0001,DXF-0000-00-SFDC5,Single Flood Door C5 DXF Pack,,10,1,,Each,0,FALSE,FALSE
SFDS-0001,PP-FIX-M10-0001,M10x100 Thunderbolt - BZP,,20,24,,Each,0,FALSE,FALSE
SFDS-0001,PP-FIX-M6-0023,M6x10 CSK Bolt - A2,,30,8,,Each,0,FALSE,FALSE
SFDS-0001,PP-DF-0015,LCN 4040XP Door Closer - Universal,,40,1,,Each,0,FALSE,FALSE
SFDS-0001,RAW-SFP-0001,P Frame - 3mm - S275 Zintec,,50,6.47,,Metres,0,FALSE,FALSE
SFDS-0001,RAW-SFP-0002,P Frame Closer - 3mm - S275 Zintec,,60,6.031,,Metres,0,FALSE,FALSE
SFDS-0001,FD-0005-FP,P Frame Cap - 3 mm,,70,2,,Each,0,FALSE,FALSE
SFDS-0001,FD-0009-FP,P Frame Corner Closer - 3 mm,,80,2,,Each,0,FALSE,FALSE
SFDS-0001,FD-0003-FP,Trip Plate - 4 mm,,90,1,,Each,0,FALSE,FALSE
SFDS-0001,FD-0041-FP,Universal Door Closer Bracket Fire - 5 mm,,100,1,,Each,0,FALSE,FALSE
SFDS-0001,PP-DF-0001-2,HD Bullet Hinge - Bottom,,110,3,,Each,0,FALSE,FALSE
SFDS-0001,PP-DF-0001-3,HD Bullet Hinge - Washer 22(OD)mm x 2 mm,,120,3,,Each,0,FALSE,FALSE
SFDS-0001,PP-FIX-M6-0011,M6x16 CSK Bolt - A2,,130,8,,Each,0,FALSE,FALSE
SFDS-0001,PP-FIX-M6-0004,M6 Washer - A2,,140,44,,Each,0,FALSE,FALSE
SFDS-0001,PP-FIX-M6-0001,M6x16 Button Head Bolt - A2,,150,44,,Each,0,FALSE,FALSE
SFDS-0001,PP-FIX-M12-0004,M12 Hex Nut - A2,,160,2,,Each,0,FALSE,FALSE
SFDS-0001,FG-0104-FP,Earthing Lug - 50 mm x 50 mm x 10 mm,,170,2,,Each,0,FALSE,FALSE
SFDS-0001,PP-FIX-M8-0006,M8 Washer - A2,,180,26,,Each,0,FALSE,FALSE
SFDS-0001,PP-FIX-M8-0001,M8x20 Button Head Bolt - A2,,190,18,,Each,0,FALSE,FALSE
SFDS-0001,PP-DF-0001-1,HD Bullet Hinge - Top,,200,3,,Each,0,FALSE,FALSE
SFDS-0001,SEAL-0031,38x35mm Black Closed Cell A320 Neoprene/EPDM,,210,6.088,,Metres,0,FALSE,FALSE
SFDS-0001,PP-SL216,S McGill 2-Point Lock,,220,1,,Each,0,FALSE,FALSE
SFDS-0001,FD-0026-FP,Hinge Shroud C5 - 6 mm,,230,3,,Each,0,FALSE,FALSE
SFDS-0001,PP-DF-0017,GSS3E80 Cylinder Guard - S.McGill - Europrofile,,240,1,,Each,0,FALSE,FALSE
SFDS-0001,FD-0008-MP,Spring Collar - 30(OD)/17x10,,250,1,,Each,0,FALSE,FALSE
SFDS-0001,PP-DF-0010,Compression Spring - S/S - 2.03x150FLx16.5IDx19.5TC,,260,1,,Each,0,FALSE,FALSE
SFDS-0001,PP-FIX-M8-0003,M8x50 CSK Bolt - A2,,270,2,,Each,0,FALSE,FALSE
SFDS-0001,PP-FIX-M8-0002,M8x30 Button Head Bolt - A2,,280,8,,Each,0,FALSE,FALSE
SFDS-0001,PP-FIX-M4-0001,M4x16 Button Head Bolt - A2,,290,1,,Each,0,FALSE,FALSE
SFDS-0001,PP-DF-0063,Pull Handle - S/S - 14(OD) x 225mm,,300,1,,Each,0,FALSE,FALSE
SFDS-0001,FD-0011-FP,Rose for Pull Handle - S/S - 14(OD) x 225mm,,310,2,,Each,0,FALSE,FALSE
SFDS-0001,RAW-RHS-0002,RHS - 50x30x3mm - S235,,320,7.009,,Metres,0,FALSE,FALSE
SFDS-0001,RAW-SHS-0001,SHS - 50x50x3mm - S235,,330,5.904,,Metres,0,FALSE,FALSE
SFDS-0001,FD-0037-FP,Lock Fixing Plate Rear - 5mm,,340,1,,Each,0,FALSE,FALSE
SFDS-0001,FD-0040-FP,Lock Fixing Plate Front - 5mm,,350,1,,Each,0,FALSE,FALSE
SFDS-0001,FD-0015-FP,Security Door Clylinder Guard Tube,,360,1,,Each,0,FALSE,FALSE
SFDS-0001,RAW-CHS-0002,CHS - 26.9(OD)x2mm - S235,,370,0.044,,Metres,0,FALSE,FALSE
